Rooms,Area,Decorate,subway,FiveYear,hasLift,TotalPrice,Price,Toward_s,Toward_n,Toward_e,Toward_w,Floor_h,Floor_m,Floor_l,BuyYesrs<3,BuyYesrs_3_5,BuyYesrs_6_10,BuyYesrs>10,ProductHouse
2,42.0,1,1,0,1,170.0,40476.0,1,0,0,0,0,1,0,1,0,0,0,0
3,89.0,1,0,1,1,278.0,31235.0,1,1,0,0,0,0,1,1,0,0,0,1
2,42.0,1,1,1,0,160.0,38095.0,1,0,1,0,0,0,0,1,0,0,0,0
2,42.0,1,1,1,1,89.0,21190.0,1,1,0,0,0,1,0,1,0,0,0,0
4,138.0,1,1,1,0,405.0,29347.0,1,1,0,0,0,0,0,1,0,0,0,1
1,80.0,1,1,1,1,390.0,48750.0,0,0,1,0,1,0,0,1,0,0,0,1
2,42.0,1,1,1,1,155.0,36904.0,1,1,0,0,0,0,1,1,0,0,0,0
2,42.0,1,0,1,1,159.0,37857.0,1,0,0,0,0,1,0,1,0,0,0,0
1,34.0,1,1,0,1,98.0,28340.0,1,1,0,0,0,1,0,1,0,0,0,0
1,51.0,1,1,1,1,146.0,28627.0,1,1,0,0,0,1,0,1,0,0,0,1
2,50.0,1,1,1,1,265.0,53000.0,1,0,0,0,0,1,0,1,0,0,0,0
1,32.0,1,1,0,1,68.0,21250.0,1,0,0,0,0,1,0,1,0,0,0,0
2,42.0,1,1,1,1,135.0,32142.0,1,0,0,0,0,1,0,1,0,0,0,0
2,42.0,1,1,1,1,135.0,32142.0,1,0,0,0,0,1,0,1,0,0,0,0
2,42.0,1,1,0,1,95.0,22619.0,1,0,0,0,0,1,0,1,0,0,0,0
2,42.0,1,1,1,1,89.0,21190.0,1,1,0,0,0,1,0,1,0,0,0,0
3,87.0,0,1,1,1,400.0,45610.0,1,1,0,0,0,0,1,1,0,0,0,1
2,50.0,1,1,1,1,210.0,42000.0,1,0,0,0,0,1,0,1,0,0,0,0
3,89.0,0,0,1,1,310.0,34831.0,1,0,0,0,1,0,0,1,0,0,0,1
2,42.0,1,0,1,1,155.0,36904.0,1,0,0,0,0,1,0,1,0,0,0,0
2,50.0,1,1,1,1,210.0,42000.0,1,0,0,0,0,1,0,1,0,0,0,0
2,51.0,1,1,1,1,150.0,29411.0,1,0,0,0,1,0,0,1,0,0,0,1
2,42.0,1,0,0,1,166.0,39150.0,1,0,1,0,0,0,1,1,0,0,0,0
2,50.0,1,1,1,1,180.0,36000.0,1,0,0,0,0,1,0,1,0,0,0,0
2,42.0,1,0,0,1,160.0,38095.0,1,0,0,0,1,0,0,1,0,0,0,0
3,55.0,1,0,1,1,206.0,37454.0,1,1,0,0,0,1,0,1,0,0,0,1
2,50.0,1,1,1,1,195.0,39000.0,1,0,0,0,0,1,0,1,0,0,0,0
1,42.0,1,1,1,1,130.0,30952.0,0,0,1,0,0,1,0,1,0,0,0,0
2,42.0,1,1,1,1,155.0,36904.0,1,1,0,0,0,0,1,1,0,0,0,0
2,42.0,1,0,1,1,172.0,40952.0,1,0,0,0,1,0,0,1,0,0,0,0
2,42.0,1,0,1,1,135.0,32142.0,1,1,0,0,0,1,0,1,0,0,0,0
2,57.0,1,1,1,1,250.0,43859.0,1,0,0,0,0,1,0,1,0,0,0,1
2,45.0,1,1,0,1,183.0,40666.0,1,1,0,0,1,0,0,1,0,0,0,0
2,45.0,1,1,1,1,168.0,37333.0,1,1,0,0,0,1,0,1,0,0,0,0
2,45.0,1,1,1,1,180.0,39215.0,1,0,0,0,0,1,0,1,0,0,0,0
2,42.0,1,1,1,1,160.0,38095.0,1,1,0,0,0,0,1,1,0,0,0,0
2,52.0,1,1,1,1,236.0,45384.0,1,0,0,0,0,1,0,1,0,0,0,1
1,42.0,1,1,1,1,155.0,36904.0,1,1,0,0,1,0,0,1,0,0,0,0
4,135.0,0,0,1,1,480.0,35555.0,1,1,0,0,1,0,0,1,0,0,0,1
3,48.0,1,1,1,1,180.0,37500.0,1,1,0,0,0,1,0,1,0,0,0,0
2,39.0,1,1,1,1,110.0,28205.0,1,0,0,0,0,1,0,1,0,0,0,0
3,79.0,1,1,1,1,228.0,28643.0,0,0,0,1,0,0,1,1,0,0,0,1
2,42.0,1,0,0,1,160.0,38095.0,1,1,0,0,0,1,0,1,0,0,0,0
2,89.0,1,1,0,1,330.0,37078.0,1,1,0,0,1,0,0,1,0,0,0,1
1,45.0,1,1,0,0,98.0,21777.0,1,0,0,0,0,1,0,1,0,0,0,0
2,42.0,1,0,1,1,133.0,31666.0,1,0,0,0,0,0,1,1,0,0,0,0
2,42.0,1,1,1,1,153.0,36523.0,1,0,0,0,0,1,0,1,0,0,0,0
2,50.0,1,1,1,1,180.0,36000.0,1,0,0,0,1,0,0,1,0,0,0,0
2,73.0,1,1,1,1,311.0,42602.0,1,1,0,0,0,1,0,1,0,0,0,1
3,89.0,0,0,1,1,280.0,31460.0,1,1,0,0,0,1,0,1,0,0,0,1
2,42.0,1,1,1,1,160.0,38095.0,1,1,0,0,0,1,0,1,0,0,0,0
2,42.0,1,1,0,1,170.0,40476.0,1,0,0,0,0,1,0,1,0,0,0,0
2,42.0,1,1,1,1,156.0,37142.0,1,0,1,0,1,0,0,1,0,0,0,0
2,38.0,1,1,0,1,89.0,23421.0,1,0,0,0,1,0,0,1,0,0,0,0
1,47.0,1,1,1,1,165.0,35106.0,0,0,1,0,1,0,0,1,0,0,0,0
1,63.0,1,1,1,1,190.0,30158.0,1,0,0,0,0,1,0,1,0,0,0,1
2,42.0,1,1,1,0,160.0,38095.0,1,0,1,0,0,0,0,1,0,0,0,0
2,42.0,1,1,1,1,170.0,40476.0,1,0,0,0,0,1,0,1,0,0,0,0
2,42.0,1,0,1,1,145.0,34523.0,1,0,0,0,1,0,0,1,0,0,0,0
2,42.0,1,1,1,1,115.0,27380.0,1,0,0,0,0,1,0,1,0,0,0,0
3,65.0,1,1,1,1,240.0,36923.0,1,1,0,0,0,1,0,1,0,0,0,1
3,64.0,1,0,1,1,240.0,37500.0,1,1,0,0,0,1,0,1,0,0,0,1
2,42.0,1,0,0,1,160.0,38095.0,1,0,0,0,0,1,0,1,0,0,0,0
1,47.0,1,1,1,1,168.0,35744.0,1,0,0,0,0,1,0,1,0,0,0,0
3,80.0,1,1,1,1,275.0,34375.0,0,0,0,1,0,1,0,1,0,0,0,1
2,42.0,1,1,1,1,160.0,38095.0,1,0,1,0,0,1,0,1,0,0,0,0
2,42.0,1,0,1,1,135.0,32142.0,1,0,0,0,0,1,0,1,0,0,0,0
2,45.0,1,1,1,1,210.0,46666.0,1,0,0,0,0,1,0,1,0,0,0,0
2,45.0,1,1,1,1,210.0,46666.0,1,0,0,0,0,1,0,1,0,0,0,0
3,88.0,1,0,1,1,340.0,38245.0,1,1,0,0,1,0,0,1,0,0,0,1
4,118.0,0,1,1,1,480.0,40438.0,1,1,0,0,0,1,0,1,0,0,0,1
2,42.0,1,1,1,1,148.0,35238.0,1,1,0,0,0,1,0,1,0,0,0,0
2,42.0,1,0,1,1,135.0,32142.0,1,0,0,0,0,1,0,1,0,0,0,0
2,42.0,1,1,1,1,160.0,38095.0,1,1,0,0,0,0,1,1,0,0,0,0
2,53.0,1,1,1,1,190.0,35849.0,1,0,0,0,1,0,0,1,0,0,0,1
2,45.0,1,1,1,1,185.0,41111.0,1,0,0,0,0,1,0,1,0,0,0,0
2,42.0,1,0,0,1,117.0,27857.0,1,0,0,0,0,1,0,1,0,0,0,0
1,58.0,1,1,0,1,187.0,31987.0,1,1,0,0,0,1,0,1,0,0,0,1
2,40.0,1,0,1,1,78.0,19500.0,1,1,0,0,0,1,0,1,0,0,0,0
2,80.0,1,1,0,1,385.0,48125.0,1,1,0,0,0,0,1,1,0,0,0,1
2,42.0,1,1,0,1,105.0,25000.0,1,0,0,0,0,1,0,1,0,0,0,0
2,42.0,1,1,0,1,155.0,36904.0,1,0,0,0,1,0,0,1,0,0,0,0
1,51.0,1,0,0,1,160.0,31372.0,1,1,0,0,1,0,0,1,0,0,0,1
2,48.0,1,1,1,1,180.0,37500.0,1,0,0,0,1,0,0,1,0,0,0,0
1,40.0,1,1,0,1,118.0,29500.0,1,0,0,0,0,1,0,1,0,0,0,0
2,42.0,1,1,1,1,155.0,36904.0,1,0,1,0,0,0,1,1,0,0,0,0
2,51.0,1,0,1,0,90.0,17647.0,1,0,0,0,0,1,0,1,0,0,0,1
2,42.0,1,1,1,1,160.0,38095.0,1,0,1,0,0,1,0,1,0,0,0,0
3,106.0,1,0,1,1,312.0,29433.0,1,0,0,0,1,0,0,1,0,0,0,1
2,35.0,1,1,0,1,118.0,33714.0,1,0,0,0,0,1,0,1,0,0,0,0
3,42.0,1,1,1,1,180.0,42857.0,1,0,0,0,0,1,0,1,0,0,0,0
2,40.0,1,0,1,1,90.0,22500.0,1,0,0,0,0,1,0,1,0,0,0,0
3,41.0,1,1,1,1,180.0,43902.0,1,0,0,0,0,1,0,1,0,0,0,0
2,45.0,1,1,0,1,150.0,33333.0,1,0,0,0,1,0,0,1,0,0,0,0
2,42.0,1,1,0,1,145.0,34523.0,1,1,0,0,0,1,0,1,0,0,0,0
2,74.0,1,1,1,1,105.0,14189.0,1,0,0,0,1,0,0,1,0,0,0,1
4,144.0,1,1,0,1,471.0,32706.0,1,0,0,0,0,1,0,1,0,0,0,1
1,42.0,1,1,1,1,154.0,36666.0,1,0,0,0,1,0,0,1,0,0,0,0
2,51.0,1,0,1,0,90.0,17647.0,1,0,0,0,0,1,0,1,0,0,0,1
2,57.0,1,1,0,1,250.0,43859.0,1,0,0,0,1,0,0,1,0,0,0,1
2,43.0,1,1,1,1,149.0,33909.0,1,0,0,0,0,0,1,1,0,0,0,0
2,45.0,1,1,0,1,220.0,48888.0,1,0,0,0,0,1,0,1,0,0,0,0
2,42.0,1,0,0,1,166.0,39523.0,1,1,0,0,0,0,1,1,0,0,0,0
2,48.0,1,1,1,1,185.0,38110.0,1,1,0,0,1,0,0,1,0,0,0,0
1,47.0,1,0,1,1,130.0,27659.0,1,1,0,0,1,0,0,1,0,0,0,0
1,58.0,1,1,1,1,205.0,35042.0,1,1,0,0,0,1,0,1,0,0,0,1
2,42.0,1,1,0,1,155.0,36904.0,1,1,0,0,1,0,0,1,0,0,0,0
2,42.0,1,1,1,1,150.0,35714.0,1,0,0,0,0,1,0,1,0,0,0,0
2,53.0,1,1,0,1,190.0,35849.0,1,0,0,0,1,0,0,1,0,0,0,1
2,45.0,1,1,1,1,179.0,39777.0,1,0,0,0,1,0,0,1,0,0,0,0
2,45.0,1,1,1,1,185.0,41111.0,1,0,0,0,0,1,0,1,0,0,0,0
2,42.0,1,0,1,1,150.0,35714.0,1,0,0,0,0,1,0,1,0,0,0,0
2,42.0,1,0,1,1,200.0,47619.0,1,0,0,0,0,1,0,1,0,0,0,0
2,49.0,1,1,1,1,190.0,38229.0,1,1,0,0,1,0,0,1,0,0,0,0
2,45.0,1,1,1,1,139.0,30888.0,1,0,0,0,1,0,0,1,0,0,0,0
2,42.0,1,0,1,1,150.0,35714.0,1,0,0,0,0,1,0,1,0,0,0,0
4,81.0,1,1,1,1,380.0,46913.0,1,1,0,0,0,1,0,1,0,0,0,1
2,42.0,1,0,1,1,158.0,37619.0,1,0,0,0,0,1,0,1,0,0,0,0
2,33.0,1,1,0,1,95.0,28787.0,1,0,0,0,0,1,0,1,0,0,0,0
2,42.0,1,0,1,1,118.0,28095.0,1,0,0,0,0,1,0,1,0,0,0,0
2,35.0,1,1,0,1,118.0,33714.0,1,0,0,0,0,1,0,1,0,0,0,0
2,40.0,1,0,1,1,90.0,22500.0,1,0,0,0,0,1,0,1,0,0,0,0
2,50.0,1,1,0,1,201.0,40200.0,1,0,0,0,0,1,0,1,0,0,0,0
2,45.0,1,1,0,1,176.0,39111.0,1,0,0,0,1,0,0,1,0,0,0,0
2,43.0,1,1,0,1,156.0,36279.0,1,0,0,0,0,1,0,1,0,0,0,0
2,60.0,1,0,1,1,120.0,20000.0,1,0,0,0,0,1,0,1,0,0,0,1
2,40.0,1,0,1,1,90.0,22500.0,1,0,0,0,0,1,0,1,0,0,0,0
2,42.0,1,1,0,1,105.0,25000.0,1,0,0,0,0,1,0,1,0,0,0,0
2,42.0,1,1,1,1,153.0,36523.0,1,0,0,0,0,1,0,1,0,0,0,0
2,42.0,1,1,0,1,153.0,36428.0,1,0,0,0,0,1,0,1,0,0,0,0
1,45.0,1,0,0,1,125.0,27777.0,1,0,0,0,0,1,0,1,0,0,0,0
1,45.0,1,0,0,1,112.0,24888.0,1,0,0,0,0,1,0,1,0,0,0,0
1,54.0,1,1,0,1,115.0,21296.0,0,0,0,1,0,0,1,1,0,0,0,1
1,42.0,1,0,1,1,145.0,34523.0,1,1,0,0,0,1,0,1,0,0,0,0
2,50.0,1,0,0,1,92.0,18400.0,1,0,0,0,0,1,0,1,0,0,0,0
1,38.0,1,0,1,1,98.0,25789.0,1,0,0,0,0,0,1,1,0,0,0,0
2,55.0,1,0,0,1,88.0,16000.0,1,1,0,0,0,1,0,1,0,0,0,1
2,53.0,1,1,1,1,210.0,39622.0,1,0,0,0,0,1,0,1,0,0,0,1
2,50.0,1,1,0,1,216.0,43200.0,1,0,0,0,1,0,0,1,0,0,0,0
2,45.0,1,1,1,1,155.0,34065.0,1,0,0,0,0,1,0,1,0,0,0,0
2,42.0,1,0,1,1,159.0,37857.0,1,0,1,0,0,1,0,1,0,0,0,0
2,42.0,1,0,0,1,150.0,35714.0,1,1,0,0,0,0,1,1,0,0,0,0
2,51.0,1,1,0,1,99.0,19411.0,1,0,0,0,1,0,0,1,0,0,0,1
1,41.0,1,0,0,1,114.0,27804.0,1,0,0,0,1,0,0,1,0,0,0,0
2,42.0,1,0,0,1,163.0,38809.0,1,1,0,0,0,1,0,1,0,0,0,0
2,42.0,1,0,0,1,160.0,38095.0,1,1,0,0,0,1,0,1,0,0,0,0
2,42.0,1,1,0,1,159.0,37857.0,1,1,0,0,0,1,0,1,0,0,0,0
1,49.0,1,1,0,1,160.0,32653.0,0,1,1,0,0,1,0,1,0,0,0,0
2,42.0,1,1,0,1,150.0,35714.0,1,1,0,0,0,0,1,1,0,0,0,0
1,45.0,1,0,0,1,150.0,33333.0,1,1,0,0,0,1,0,1,0,0,0,0
1,46.0,1,1,0,1,134.0,29250.0,1,0,0,1,0,0,1,1,0,0,0,0
4,198.0,1,0,1,1,758.0,38282.0,1,1,0,0,0,1,0,1,0,0,0,1
2,42.0,1,1,0,1,120.0,28571.0,1,0,0,0,1,0,0,1,0,0,0,0
2,45.0,1,1,1,1,185.0,41111.0,1,0,0,0,0,1,0,1,0,0,0,0
2,45.0,1,1,0,1,186.0,41333.0,1,0,0,0,0,1,0,1,0,0,0,0
2,46.0,1,1,0,1,186.0,40434.0,1,0,0,0,0,1,0,1,0,0,0,0
2,51.0,1,1,1,1,95.0,18627.0,1,0,0,0,1,0,0,1,0,0,0,1
2,48.0,1,1,1,1,170.0,35416.0,0,1,0,0,0,1,0,1,0,0,0,0
2,46.0,1,1,1,1,170.0,36956.0,1,1,0,0,1,0,0,1,0,0,0,0
3,67.0,1,1,1,1,200.0,29850.0,1,1,0,0,0,1,0,1,0,0,0,1
1,51.0,1,1,1,1,132.0,25882.0,1,1,0,0,0,1,0,1,0,0,0,1
1,54.0,1,1,1,1,110.0,20220.0,1,0,0,0,0,1,0,1,0,0,0,1
2,45.0,1,0,0,1,155.0,34444.0,1,0,0,0,0,1,0,1,0,0,0,0
2,40.0,1,1,0,1,155.0,38750.0,1,0,0,0,1,0,0,1,0,0,0,0
2,45.0,1,1,0,1,155.0,34444.0,1,0,0,0,1,0,0,1,0,0,0,0
2,42.0,1,1,0,1,148.0,35238.0,1,0,0,0,1,0,0,1,0,0,0,0
2,45.0,1,1,0,1,165.0,36666.0,1,0,0,0,0,1,0,1,0,0,0,0
2,45.0,1,1,0,1,155.0,34444.0,1,0,0,0,0,1,0,1,0,0,0,0
2,45.0,1,1,0,1,155.0,34444.0,1,0,0,0,1,0,0,1,0,0,0,0
2,45.0,1,1,0,1,156.0,34666.0,1,0,0,0,0,1,0,1,0,0,0,0
2,42.0,1,1,0,1,145.0,34523.0,1,0,0,0,0,1,0,1,0,0,0,0
2,45.0,1,1,0,1,155.0,34444.0,1,0,0,0,1,0,0,1,0,0,0,0
2,43.0,1,0,0,1,158.0,36744.0,1,0,0,0,0,1,0,1,0,0,0,0
1,45.0,1,1,0,1,116.0,25777.0,1,0,0,0,1,0,0,1,0,0,0,0
2,43.0,1,1,0,1,112.0,26046.0,1,0,0,0,1,0,0,1,0,0,0,0
2,42.0,1,1,1,1,148.0,35238.0,1,1,0,0,0,1,0,1,0,0,0,0
2,42.0,1,0,0,1,158.0,37619.0,1,0,0,0,0,1,0,1,0,0,0,0
2,45.0,1,0,0,1,152.0,33777.0,1,0,0,0,1,0,0,1,0,0,0,0
1,46.0,1,1,0,1,112.0,24347.0,1,0,0,0,0,1,0,1,0,0,0,0
2,40.0,1,0,1,1,90.0,22500.0,1,0,0,0,0,1,0,1,0,0,0,0
2,45.0,1,0,0,1,145.0,32222.0,1,1,0,0,1,0,0,1,0,0,0,0
4,198.0,0,0,1,1,750.0,37878.0,1,1,0,0,0,0,1,1,0,0,0,1
2,60.0,1,0,1,1,120.0,20000.0,1,0,0,0,0,1,0,1,0,0,0,1
2,42.0,1,1,1,1,150.0,35714.0,0,1,0,0,0,1,0,1,0,0,0,0
2,45.0,1,1,1,1,190.0,42222.0,1,1,0,0,0,1,0,1,0,0,0,0
2,42.0,1,0,1,1,148.0,35238.0,1,0,0,0,0,1,0,1,0,0,0,0
1,56.0,1,1,1,1,222.0,39153.0,1,1,0,0,0,1,0,1,0,0,0,1
1,51.0,1,0,0,1,160.0,31372.0,1,1,0,0,1,0,0,1,0,0,0,1
2,42.0,1,0,1,1,116.0,27619.0,1,0,0,0,0,1,0,1,0,0,0,0
2,42.0,1,0,1,1,160.0,38095.0,1,0,0,0,0,1,0,1,0,0,0,0
1,56.0,1,1,1,1,222.0,39153.0,1,1,0,0,0,1,0,1,0,0,0,1
2,42.0,1,1,1,1,199.0,47380.0,1,0,0,0,1,0,0,1,0,0,0,0
2,49.0,1,1,1,1,115.0,23421.0,0,0,0,1,1,0,0,1,0,0,0,0
3,89.0,1,1,1,1,426.0,47865.0,1,1,0,0,1,0,0,1,0,0,0,1
3,87.0,0,1,1,1,370.0,42189.0,1,1,0,0,0,1,0,1,0,0,0,1
2,50.0,0,1,1,0,225.0,45000.0,1,0,1,0,1,0,0,1,0,0,0,0
2,45.0,1,1,1,1,148.0,32888.0,1,1,0,0,1,0,0,1,0,0,0,0
1,51.0,1,1,0,1,135.0,26470.0,1,1,0,0,0,1,0,1,0,0,0,1
2,43.0,1,0,0,1,165.0,38372.0,1,0,0,0,0,1,0,1,0,0,0,0
2,51.0,1,1,1,1,80.0,15686.0,1,1,0,0,1,0,0,1,0,0,0,1
2,51.0,1,1,0,1,80.0,15686.0,1,0,0,0,1,0,0,1,0,0,0,1
2,42.0,1,1,1,1,148.0,35238.0,1,1,0,0,0,1,0,1,0,0,0,0
1,34.0,1,1,0,1,98.0,28340.0,1,1,0,0,0,1,0,1,0,0,0,0
3,60.0,1,1,1,1,230.0,38333.0,1,0,0,0,0,1,0,1,0,0,0,1
3,88.0,0,1,1,1,360.0,40909.0,1,1,0,0,1,0,0,1,0,0,0,1
2,51.0,1,1,1,1,95.0,18627.0,1,0,0,0,1,0,0,1,0,0,0,1
2,50.0,1,1,1,1,180.0,36000.0,1,0,0,0,1,0,0,1,0,0,0,0
2,42.0,1,1,0,1,155.0,36904.0,1,0,1,0,0,0,1,1,0,0,0,0
2,73.0,1,1,1,1,311.0,42602.0,1,1,0,0,0,1,0,1,0,0,0,1
2,45.0,1,1,0,1,145.0,32344.0,1,0,0,0,0,0,1,1,0,0,0,0
4,89.0,1,1,1,1,500.0,56179.0,1,1,0,0,1,0,0,1,0,0,0,1
1,42.0,1,1,0,1,180.0,42857.0,1,0,0,0,0,1,0,1,0,0,0,0
2,48.0,1,1,1,1,175.0,36458.0,1,0,0,0,0,1,0,1,0,0,0,0
2,51.0,1,1,1,1,220.0,43137.0,0,1,0,0,0,1,0,1,0,0,0,1
2,50.0,1,1,1,1,240.0,48000.0,1,0,0,0,0,0,1,1,0,0,0,0
2,45.0,1,1,0,0,186.0,41333.0,1,1,0,0,1,0,0,1,0,0,0,0
1,58.0,1,1,1,1,185.0,32000.0,1,0,0,0,0,0,1,1,0,0,0,1
2,53.0,1,1,0,1,175.0,33018.0,1,1,0,0,1,0,0,1,0,0,0,1
3,106.0,1,0,1,1,310.0,29245.0,1,0,0,0,1,0,0,1,0,0,0,1
2,42.0,1,0,1,1,145.0,34523.0,1,0,0,0,1,0,0,1,0,0,0,0
2,47.0,1,1,1,1,185.0,39361.0,1,1,0,0,1,0,0,1,0,0,0,0
5,129.0,0,1,1,1,498.0,38604.0,1,1,0,0,0,0,1,1,0,0,0,1
2,42.0,1,1,1,1,132.0,31428.0,1,0,0,0,0,1,0,1,0,0,0,0
2,42.0,1,1,1,1,158.0,37619.0,1,0,0,0,0,1,0,1,0,0,0,0
1,40.0,1,1,1,1,149.0,37250.0,1,1,0,0,1,0,0,1,0,0,0,0
4,129.0,0,1,1,1,430.0,33333.0,1,0,0,0,0,0,1,1,0,0,0,1
2,50.0,1,0,1,1,163.0,32600.0,1,1,0,0,1,0,0,1,0,0,0,0
2,47.0,1,1,0,0,126.0,26808.0,1,1,0,0,0,1,0,1,0,0,0,0
1,50.0,1,1,1,1,150.0,30000.0,1,0,0,0,1,0,0,1,0,0,0,0
2,42.0,1,1,1,1,160.0,38095.0,1,0,1,0,0,1,0,1,0,0,0,0
3,89.0,1,0,1,1,480.0,53872.0,1,0,0,0,0,1,0,1,0,0,0,1
2,45.0,1,1,1,1,128.0,28444.0,1,0,0,0,0,1,0,1,0,0,0,0
2,42.0,1,1,1,1,155.0,36904.0,1,0,1,0,0,0,1,1,0,0,0,0
1,35.0,1,1,1,1,116.0,33142.0,0,1,0,1,1,0,0,1,0,0,0,0
2,54.0,1,1,0,1,155.0,28703.0,1,0,0,0,0,0,1,1,0,0,0,1
2,51.0,1,0,1,0,90.0,17647.0,1,0,0,0,0,1,0,1,0,0,0,1
2,50.0,1,1,0,1,201.0,40200.0,1,0,0,0,0,1,0,1,0,0,0,0
2,42.0,1,0,1,1,159.0,37857.0,1,0,0,0,0,1,0,1,0,0,0,0
2,58.0,1,1,1,1,208.0,35862.0,1,0,0,0,0,1,0,1,0,0,0,1
2,70.0,1,1,1,1,300.0,42857.0,0,1,1,0,1,0,0,1,0,0,0,1
2,42.0,1,1,1,1,168.0,40000.0,1,0,0,0,0,1,0,1,0,0,0,0
1,42.0,1,1,1,1,155.0,36904.0,1,1,0,0,1,0,0,1,0,0,0,0
1,50.0,1,1,1,1,175.0,35000.0,0,0,1,0,0,1,0,1,0,0,0,0
3,52.0,1,1,1,1,255.0,49038.0,1,0,0,0,0,1,0,1,0,0,0,1
1,53.0,1,0,0,0,100.0,18867.0,1,0,0,0,0,0,0,1,0,0,0,1
2,49.0,1,1,1,1,178.0,36252.0,0,0,0,1,1,0,0,1,0,0,0,0
1,40.0,1,1,1,1,149.0,37250.0,1,1,0,0,1,0,0,1,0,0,0,0
2,58.0,1,1,1,1,220.0,37931.0,1,0,0,0,0,1,0,1,0,0,0,1
2,52.0,1,1,1,1,208.0,40000.0,1,0,1,0,1,0,0,1,0,0,0,1
2,48.0,1,1,1,1,155.0,32291.0,1,0,0,0,1,0,0,1,0,0,0,0
2,46.0,1,1,1,1,168.0,36521.0,1,0,0,0,0,1,0,1,0,0,0,0
1,42.0,1,1,1,1,170.0,40476.0,1,0,0,0,0,1,0,1,0,0,0,0
1,45.0,1,0,1,1,120.0,26666.0,1,0,0,0,0,0,1,1,0,0,0,0
2,52.0,1,1,1,1,208.0,40000.0,1,0,1,0,1,0,0,1,0,0,0,1
2,46.0,1,1,1,1,168.0,36521.0,1,0,0,0,1,0,0,1,0,0,0,0
1,40.0,1,1,0,1,118.0,29500.0,1,0,0,0,0,1,0,1,0,0,0,0
1,48.0,1,1,0,1,133.0,27198.0,1,0,0,0,0,0,1,1,0,0,0,0
2,42.0,1,1,1,1,172.0,40952.0,0,0,1,0,0,1,0,1,0,0,0,0
3,121.0,0,0,1,1,385.0,31818.0,1,1,0,0,0,1,0,1,0,0,0,1
2,51.0,1,0,1,0,90.0,17647.0,1,0,0,0,0,1,0,1,0,0,0,1
2,42.0,1,1,1,1,198.0,47142.0,1,0,0,0,0,1,0,1,0,0,0,0
1,49.0,1,0,0,1,115.0,23469.0,1,0,0,0,0,1,0,1,0,0,0,0
2,42.0,1,0,1,1,160.0,38214.0,1,0,0,0,0,0,1,1,0,0,0,0
2,42.0,1,1,1,1,160.0,38095.0,1,1,0,0,0,0,1,1,0,0,0,0
2,35.0,1,1,0,1,118.0,33714.0,1,0,0,0,0,1,0,1,0,0,0,0
3,89.0,0,0,1,1,278.0,31235.0,1,1,0,0,0,1,0,1,0,0,0,1
3,89.0,0,0,0,1,300.0,33707.0,1,1,0,0,0,1,0,1,0,0,0,1
3,121.0,0,0,1,1,370.0,30578.0,1,1,0,0,0,0,1,1,0,0,0,1
4,89.0,0,0,1,1,280.0,31460.0,1,1,0,0,0,1,0,1,0,0,0,1
2,46.0,1,1,1,1,168.0,36521.0,1,0,0,0,0,1,0,1,0,0,0,0
2,42.0,1,1,1,1,160.0,38095.0,1,0,0,0,0,1,0,1,0,0,0,0
2,45.0,1,1,0,0,186.0,41333.0,1,1,0,0,1,0,0,1,0,0,0,0
2,50.0,1,1,0,1,160.0,32000.0,1,0,0,0,1,0,0,1,0,0,0,0
2,55.0,1,1,0,1,150.0,27272.0,1,0,0,0,0,1,0,1,0,0,0,1
2,42.0,1,1,1,1,166.0,39523.0,0,0,1,0,0,1,0,1,0,0,0,0
2,37.0,1,1,1,1,135.0,36486.0,1,1,0,0,1,0,0,1,0,0,0,0
2,42.0,1,0,1,1,133.0,31666.0,1,0,0,0,0,0,1,1,0,0,0,0
2,37.0,1,1,1,1,115.0,31081.0,1,1,0,0,1,0,0,1,0,0,0,0
2,42.0,1,0,1,1,128.0,30476.0,1,0,0,0,1,0,0,1,0,0,0,0
2,42.0,1,1,0,1,135.0,32142.0,1,0,0,0,1,0,0,1,0,0,0,0
2,51.0,1,1,1,1,220.0,43137.0,0,1,0,0,0,1,0,1,0,0,0,1
2,42.0,1,1,1,1,150.0,35714.0,1,0,1,0,0,1,0,1,0,0,0,0
2,42.0,1,1,1,1,160.0,38095.0,1,1,0,0,0,0,1,1,0,0,0,0
2,49.0,1,1,0,1,160.0,32653.0,1,0,0,0,0,1,0,1,0,0,0,0
2,45.0,1,1,1,1,168.0,37333.0,1,0,0,0,0,1,0,1,0,0,0,0
2,42.0,1,0,1,1,130.0,30952.0,1,0,0,0,0,1,0,1,0,0,0,0
2,43.0,1,1,1,1,160.0,37209.0,1,0,0,0,0,0,1,1,0,0,0,0
2,42.0,1,1,1,1,150.0,35714.0,1,0,0,0,0,0,1,1,0,0,0,0
2,73.0,1,0,0,1,211.0,28904.0,1,0,0,0,1,0,0,1,0,0,0,1
2,42.0,1,0,1,1,145.0,34523.0,1,0,0,0,1,0,0,1,0,0,0,0
2,49.0,1,1,0,1,165.0,33591.0,0,0,0,1,0,1,0,1,0,0,0,0
2,49.0,1,1,0,1,136.0,27676.0,0,0,0,1,1,0,0,1,0,0,0,0
2,42.0,1,0,1,1,118.0,28095.0,1,0,0,0,0,1,0,1,0,0,0,0
2,40.0,1,0,1,1,90.0,22500.0,1,0,0,0,0,1,0,1,0,0,0,0
2,32.0,1,0,1,1,80.0,25000.0,1,1,0,0,1,0,0,1,0,0,0,0
2,42.0,1,0,1,1,130.0,30952.0,1,0,0,0,0,1,0,1,0,0,0,0
2,45.0,1,1,1,1,156.0,33986.0,1,0,0,0,0,1,0,1,0,0,0,0
1,35.0,1,1,0,0,120.0,34285.0,0,0,1,0,0,1,0,1,0,0,0,0
3,49.0,1,1,0,1,175.0,35714.0,0,0,1,0,0,1,0,1,0,0,0,0
2,42.0,1,0,1,1,188.0,44339.0,1,0,1,0,0,0,1,1,0,0,0,0
2,42.0,1,0,0,1,210.0,50000.0,1,0,0,0,0,1,0,1,0,0,0,0
2,72.0,1,0,1,1,201.0,27916.0,1,0,0,0,0,0,1,1,0,0,0,1
2,42.0,1,0,0,1,188.0,44339.0,1,0,1,0,0,0,1,1,0,0,0,0
3,85.0,1,0,1,1,301.0,35229.0,1,0,0,0,0,1,0,1,0,0,0,1
3,89.0,1,0,0,1,251.0,28139.0,1,0,0,0,0,1,0,1,0,0,0,1
2,42.0,1,0,0,1,188.0,44339.0,1,0,1,0,0,0,1,1,0,0,0,0
2,42.0,1,0,1,1,130.0,30952.0,1,0,0,0,0,1,0,1,0,0,0,0
2,42.0,1,0,0,1,169.0,40238.0,1,0,1,0,0,1,0,1,0,0,0,0
3,85.0,1,0,1,1,251.0,29196.0,1,0,0,0,0,1,0,1,0,0,0,1
2,42.0,1,0,0,1,188.0,44339.0,1,0,1,0,0,0,1,1,0,0,0,0
2,42.0,1,0,0,1,188.0,44339.0,1,0,1,0,0,0,1,1,0,0,0,0
2,51.0,1,1,1,1,150.0,29411.0,1,0,0,0,1,0,0,1,0,0,0,1
2,42.0,1,0,1,1,145.0,34523.0,1,0,0,0,1,0,0,1,0,0,0,0
2,81.0,1,0,1,1,252.0,31111.0,1,0,0,0,0,1,0,1,0,0,0,1
2,42.0,1,0,0,1,188.0,44339.0,1,0,1,0,0,0,1,1,0,0,0,0
2,75.0,1,0,1,1,202.0,26933.0,1,1,0,0,1,0,0,1,0,0,0,1
2,62.0,1,0,1,1,151.0,24350.0,1,1,0,0,1,0,0,1,0,0,0,1
2,49.0,1,1,0,0,107.0,21836.0,1,0,0,0,1,0,0,1,0,0,0,0
2,42.0,1,0,1,1,188.0,44339.0,1,0,1,0,0,0,1,1,0,0,0,0
2,42.0,1,0,0,1,188.0,44339.0,1,0,1,0,0,0,1,1,0,0,0,0
2,42.0,1,0,0,1,188.0,44339.0,1,0,1,0,0,0,1,1,0,0,0,0
2,42.0,1,0,1,1,130.0,30952.0,1,0,0,0,0,1,0,1,0,0,0,0
2,42.0,1,0,1,1,178.0,42380.0,1,0,0,0,0,1,0,1,0,0,0,0
2,80.0,1,1,0,1,120.0,15000.0,1,0,0,0,0,1,0,1,0,0,0,1
1,42.0,1,0,1,1,148.0,35428.0,1,0,0,0,1,0,0,1,0,0,0,0
1,47.0,1,1,1,1,148.0,31489.0,1,0,0,0,0,0,1,1,0,0,0,0
2,42.0,1,1,1,1,160.0,38095.0,1,0,1,0,0,1,0,1,0,0,0,0
2,42.0,1,0,0,1,159.0,38000.0,1,0,0,0,1,0,0,1,0,0,0,0
4,238.0,0,1,1,1,650.0,27310.0,1,1,0,0,0,1,0,1,0,0,0,1
2,40.0,1,1,0,1,156.0,39000.0,1,0,0,0,0,1,0,1,0,0,0,0
2,40.0,1,1,0,1,158.0,39500.0,1,0,0,0,1,0,0,1,0,0,0,0
2,46.0,1,1,1,1,131.0,28478.0,1,1,0,0,0,1,0,1,0,0,0,0
2,42.0,1,1,0,1,156.0,37142.0,1,0,0,0,0,1,0,1,0,0,0,0
1,55.0,1,1,1,1,180.0,32727.0,1,1,0,0,1,0,0,1,0,0,0,1
4,121.0,0,0,1,1,336.0,27768.0,1,1,0,0,0,0,1,1,0,0,0,1
2,39.0,1,1,1,1,110.0,28205.0,1,0,0,0,0,1,0,1,0,0,0,0
2,42.0,1,1,1,1,156.0,37142.0,1,0,0,0,0,1,0,1,0,0,0,0
1,60.0,1,1,1,1,180.0,30000.0,0,0,0,1,1,0,0,1,0,0,0,1
2,42.0,1,0,0,1,138.0,32857.0,1,0,1,0,0,1,0,1,0,0,0,0
2,48.0,1,0,1,1,165.0,34375.0,1,0,0,0,0,1,0,1,0,0,0,0
2,42.0,1,0,1,1,135.0,32142.0,1,0,0,0,1,0,0,1,0,0,0,0
2,70.0,1,1,0,1,100.0,14285.0,1,0,0,0,1,0,0,1,0,0,0,1
2,52.0,1,1,1,1,220.0,42307.0,1,0,0,0,0,1,0,1,0,0,0,1
2,50.0,1,1,0,1,110.0,22000.0,1,0,0,0,1,0,0,1,0,0,0,0
1,68.0,1,1,1,1,205.0,30147.0,1,0,0,0,0,0,1,1,0,0,0,1
3,86.0,1,1,1,1,314.0,36175.0,1,1,0,0,0,1,0,1,0,0,0,1
2,32.0,1,0,1,1,80.0,25000.0,1,1,0,0,1,0,0,1,0,0,0,0
1,45.0,1,0,0,1,123.0,27444.0,1,0,0,0,0,0,1,1,0,0,0,0
1,49.0,1,0,0,1,115.0,23469.0,1,0,0,0,0,1,0,1,0,0,0,0
2,45.0,1,1,1,1,155.0,34444.0,1,0,0,0,0,1,0,1,0,0,0,0
2,42.0,1,1,1,1,145.0,34523.0,1,0,0,0,0,1,0,1,0,0,0,0
2,50.0,1,1,1,1,240.0,48000.0,1,0,0,0,0,1,0,1,0,0,0,0
2,42.0,1,1,1,1,160.0,37825.0,1,0,0,0,0,0,1,1,0,0,0,0
2,51.0,1,1,1,1,260.0,50980.0,1,1,0,0,0,1,0,1,0,0,0,1
3,57.0,1,1,1,1,290.0,50877.0,1,1,0,0,0,1,0,1,0,0,0,1
2,43.0,1,1,0,1,156.0,36279.0,1,0,0,0,0,1,0,1,0,0,0,0
2,40.0,1,1,0,1,158.0,39500.0,1,0,0,0,0,1,0,1,0,0,0,0
2,48.0,1,1,1,1,170.0,35416.0,0,1,0,0,0,1,0,1,0,0,0,0
2,42.0,1,1,0,1,109.0,25952.0,1,0,0,0,1,0,0,1,0,0,0,0
2,42.0,1,1,0,1,190.0,45238.0,1,1,0,0,0,1,0,1,0,0,0,0
2,42.0,1,1,0,1,188.0,44761.0,1,0,0,0,0,1,0,1,0,0,0,0
1,42.0,1,1,0,1,106.0,25238.0,1,0,0,0,1,0,0,1,0,0,0,0
1,42.0,1,1,0,1,108.0,25714.0,1,0,0,0,0,1,0,1,0,0,0,0
3,89.0,1,1,1,1,360.0,40449.0,1,1,0,0,0,1,0,1,0,0,0,1
2,46.0,1,1,1,1,150.0,32608.0,1,0,0,0,0,1,0,1,0,0,0,0
2,42.0,1,1,1,1,188.0,44761.0,1,0,0,0,0,1,0,1,0,0,0,0
2,52.0,1,1,1,1,85.0,16346.0,1,0,0,0,1,0,0,1,0,0,0,1
2,42.0,1,0,1,1,145.0,34523.0,1,0,0,0,1,0,0,1,0,0,0,0
3,98.0,0,1,1,1,135.0,13775.0,1,1,0,0,0,1,0,1,0,0,0,1
2,55.0,1,0,1,1,145.0,26363.0,1,0,0,0,0,1,0,1,0,0,0,1
2,42.0,1,1,1,1,150.0,35714.0,1,0,0,0,0,0,1,1,0,0,0,0
1,43.0,1,0,0,1,120.0,27906.0,1,0,0,0,0,1,0,1,0,0,0,0
2,42.0,1,0,1,1,181.0,43095.0,1,0,0,0,0,0,1,1,0,0,0,0
1,65.0,1,1,1,1,120.0,18461.0,1,0,0,0,0,1,0,1,0,0,0,1
2,42.0,1,0,0,1,160.0,38214.0,1,0,0,0,1,0,0,1,0,0,0,0
2,42.0,1,0,0,1,172.0,40952.0,0,0,1,0,0,1,0,1,0,0,0,0
1,48.0,1,1,1,1,158.0,32916.0,0,0,0,1,0,0,1,1,0,0,0,0
4,89.0,1,0,1,1,285.0,32022.0,1,1,0,0,0,1,0,1,0,0,0,1
1,35.0,1,1,0,1,98.0,28000.0,0,1,0,1,1,0,0,1,0,0,0,0
2,42.0,1,1,1,1,188.0,44761.0,1,0,0,0,0,1,0,1,0,0,0,0
2,45.0,1,1,1,1,185.0,41111.0,1,0,0,0,0,1,0,1,0,0,0,0
2,42.0,1,1,0,1,175.0,41666.0,1,0,0,0,0,1,0,1,0,0,0,0
3,53.0,1,1,1,1,160.0,30188.0,1,0,1,0,1,0,0,1,0,0,0,1
2,42.0,1,0,0,1,160.0,38095.0,1,1,0,0,0,1,0,1,0,0,0,0
2,46.0,1,1,0,1,168.0,36521.0,1,0,0,0,1,0,0,1,0,0,0,0
1,57.0,1,1,1,1,175.0,30701.0,1,0,0,0,1,0,0,1,0,0,0,1
2,42.0,1,1,0,1,170.0,40476.0,1,0,0,0,0,1,0,0,1,0,0,0
3,89.0,1,0,1,1,278.0,31235.0,1,1,0,0,0,0,1,0,1,0,0,1
4,126.0,1,1,1,1,430.0,34126.0,1,1,0,0,0,1,0,0,1,0,0,1
2,42.0,1,1,1,0,160.0,38095.0,1,0,1,0,0,0,0,0,1,0,0,0
2,42.0,1,1,1,1,89.0,21190.0,1,1,0,0,0,1,0,0,1,0,0,0
4,138.0,1,1,1,0,405.0,29347.0,1,1,0,0,0,0,0,0,1,0,0,1
1,80.0,1,1,1,1,390.0,48750.0,0,0,1,0,1,0,0,0,1,0,0,1
2,42.0,1,1,1,1,155.0,36904.0,1,1,0,0,0,0,1,0,1,0,0,0
2,42.0,1,0,1,1,159.0,37857.0,1,0,0,0,0,1,0,0,1,0,0,0
1,51.0,1,1,1,1,146.0,28627.0,1,1,0,0,0,1,0,0,1,0,0,1
3,89.0,1,1,1,1,280.0,31460.0,1,1,0,0,0,1,0,0,1,0,0,1
2,50.0,1,1,1,1,265.0,53000.0,1,0,0,0,0,1,0,0,1,0,0,0
1,32.0,1,1,0,1,68.0,21250.0,1,0,0,0,0,1,0,0,1,0,0,0
2,42.0,1,1,1,1,135.0,32142.0,1,0,0,0,0,1,0,0,1,0,0,0
2,42.0,1,1,1,1,135.0,32142.0,1,0,0,0,0,1,0,0,1,0,0,0
2,42.0,1,1,0,1,95.0,22619.0,1,0,0,0,0,1,0,0,1,0,0,0
3,87.0,0,1,1,1,400.0,45610.0,1,1,0,0,0,0,1,0,1,0,0,1
3,105.0,0,0,1,1,630.0,59704.0,1,0,1,0,0,1,0,0,1,0,0,1
2,50.0,1,1,1,1,210.0,42000.0,1,0,0,0,0,1,0,0,1,0,0,0
3,89.0,0,0,1,1,310.0,34831.0,1,0,0,0,1,0,0,0,1,0,0,1
2,42.0,1,0,1,1,155.0,36904.0,1,0,0,0,0,1,0,0,1,0,0,0
2,50.0,1,1,1,1,210.0,42000.0,1,0,0,0,0,1,0,0,1,0,0,0
2,51.0,1,1,1,1,150.0,29411.0,1,0,0,0,1,0,0,0,1,0,0,1
2,42.0,1,0,0,1,166.0,39150.0,1,0,1,0,0,0,1,0,1,0,0,0
2,87.0,1,1,0,1,415.0,47701.0,1,0,0,0,1,0,0,0,1,0,0,1
2,50.0,1,1,1,1,180.0,36000.0,1,0,0,0,0,1,0,0,1,0,0,0
2,42.0,1,0,0,1,160.0,38095.0,1,0,0,0,1,0,0,0,1,0,0,0
3,55.0,1,0,1,1,206.0,37454.0,1,1,0,0,0,1,0,0,1,0,0,1
2,50.0,1,1,1,1,195.0,39000.0,1,0,0,0,0,1,0,0,1,0,0,0
2,49.0,1,1,1,1,150.0,30525.0,1,1,0,0,1,0,0,0,1,0,0,0
1,42.0,1,1,1,1,130.0,30952.0,0,0,1,0,0,1,0,0,1,0,0,0
1,58.0,0,1,1,1,163.0,27702.0,1,0,1,0,0,0,1,0,1,0,0,1
2,42.0,1,1,1,1,155.0,36904.0,1,1,0,0,0,0,1,0,1,0,0,0
1,51.0,1,1,1,1,150.0,29126.0,1,0,0,0,1,0,0,0,1,0,0,1
2,42.0,1,0,1,1,172.0,40952.0,1,0,0,0,1,0,0,0,1,0,0,0
2,42.0,1,0,1,1,135.0,32142.0,1,1,0,0,0,1,0,0,1,0,0,0
3,105.0,0,0,1,1,630.0,59704.0,1,0,1,0,0,1,0,0,1,0,0,1
2,57.0,1,1,1,1,250.0,43859.0,1,0,0,0,0,1,0,0,1,0,0,1
2,45.0,1,1,0,1,183.0,40666.0,1,1,0,0,1,0,0,0,1,0,0,0
2,45.0,1,1,1,1,168.0,37333.0,1,1,0,0,0,1,0,0,1,0,0,0
2,45.0,1,1,1,1,180.0,39215.0,1,0,0,0,0,1,0,0,1,0,0,0
1,34.0,1,1,0,1,98.0,28340.0,1,1,0,0,0,1,0,0,1,0,0,0
3,79.0,1,1,1,1,228.0,28643.0,0,0,0,1,0,0,1,0,1,0,0,1
2,42.0,1,0,0,1,160.0,38095.0,1,1,0,0,0,1,0,0,1,0,0,0
2,89.0,1,1,0,1,330.0,37078.0,1,1,0,0,1,0,0,0,1,0,0,1
2,45.0,1,0,1,1,89.0,19777.0,1,1,0,0,1,0,0,0,1,0,0,0
1,45.0,1,1,0,0,98.0,21777.0,1,0,0,0,0,1,0,0,1,0,0,0
2,42.0,1,0,1,1,133.0,31666.0,1,0,0,0,0,0,1,0,1,0,0,0
2,42.0,1,1,1,1,153.0,36523.0,1,0,0,0,0,1,0,0,1,0,0,0
2,42.0,1,1,1,1,89.0,21190.0,1,1,0,0,0,1,0,0,1,0,0,0
3,89.0,0,0,1,1,280.0,31460.0,1,1,0,0,0,1,0,0,1,0,0,1
2,42.0,1,1,1,1,160.0,38095.0,1,1,0,0,0,1,0,0,1,0,0,0
2,42.0,1,1,0,1,170.0,40476.0,1,0,0,0,0,1,0,0,1,0,0,0
2,42.0,1,1,1,1,156.0,37142.0,1,0,1,0,1,0,0,0,1,0,0,0
2,38.0,1,1,0,1,89.0,23421.0,1,0,0,0,1,0,0,0,1,0,0,0
2,42.0,1,1,1,1,160.0,38095.0,1,1,0,0,0,0,1,0,1,0,0,0
2,52.0,1,1,1,1,236.0,45384.0,1,0,0,0,0,1,0,0,1,0,0,1
1,42.0,1,1,1,1,155.0,36904.0,1,1,0,0,1,0,0,0,1,0,0,0
4,135.0,0,0,1,1,480.0,35555.0,1,1,0,0,1,0,0,0,1,0,0,1
3,48.0,1,1,1,1,180.0,37500.0,1,1,0,0,0,1,0,0,1,0,0,0
2,39.0,1,1,1,1,110.0,28205.0,1,0,0,0,0,1,0,0,1,0,0,0
2,42.0,1,1,1,0,160.0,38095.0,1,0,1,0,0,0,0,0,1,0,0,0
2,42.0,1,1,1,1,170.0,40476.0,1,0,0,0,0,1,0,0,1,0,0,0
2,42.0,1,0,1,1,145.0,34523.0,1,0,0,0,1,0,0,0,1,0,0,0
2,42.0,1,1,1,1,115.0,27380.0,1,0,0,0,0,1,0,0,1,0,0,0
3,65.0,1,1,1,1,240.0,36923.0,1,1,0,0,0,1,0,0,1,0,0,1
3,64.0,1,0,1,1,240.0,37500.0,1,1,0,0,0,1,0,0,1,0,0,1
2,42.0,1,0,0,1,160.0,38095.0,1,0,0,0,0,1,0,0,1,0,0,0
1,47.0,1,1,1,1,168.0,35744.0,1,0,0,0,0,1,0,0,1,0,0,0
3,80.0,1,1,1,1,275.0,34375.0,0,0,0,1,0,1,0,0,1,0,0,1
2,42.0,1,1,1,1,160.0,38095.0,1,0,1,0,0,1,0,0,1,0,0,0
2,89.0,1,0,0,1,375.0,42134.0,1,1,0,0,0,1,0,0,1,0,0,1
3,129.0,0,0,0,1,565.0,43646.0,1,1,0,0,1,0,0,0,1,0,0,1
2,42.0,1,0,1,1,135.0,32142.0,1,0,0,0,0,1,0,0,1,0,0,0
2,45.0,1,1,1,1,210.0,46666.0,1,0,0,0,0,1,0,0,1,0,0,0
2,45.0,1,1,1,1,210.0,46666.0,1,0,0,0,0,1,0,0,1,0,0,0
3,88.0,1,0,1,1,340.0,38245.0,1,1,0,0,1,0,0,0,1,0,0,1
4,118.0,0,1,1,1,480.0,40438.0,1,1,0,0,0,1,0,0,1,0,0,1
2,42.0,1,1,1,1,148.0,35238.0,1,1,0,0,0,1,0,0,1,0,0,0
2,42.0,1,0,1,1,135.0,32142.0,1,0,0,0,0,1,0,0,1,0,0,0
2,50.0,1,1,1,1,180.0,36000.0,1,0,0,0,1,0,0,0,1,0,0,0
2,73.0,1,1,1,1,311.0,42602.0,1,1,0,0,0,1,0,0,1,0,0,1
2,42.0,1,1,0,1,105.0,25000.0,1,0,0,0,0,1,0,0,1,0,0,0
2,42.0,1,1,0,1,155.0,36904.0,1,0,0,0,1,0,0,0,1,0,0,0
1,51.0,1,0,0,1,160.0,31372.0,1,1,0,0,1,0,0,0,1,0,0,1
2,48.0,1,1,1,1,180.0,37500.0,1,0,0,0,1,0,0,0,1,0,0,0
1,40.0,1,1,0,1,118.0,29500.0,1,0,0,0,0,1,0,0,1,0,0,0
2,42.0,1,1,1,1,155.0,36904.0,1,0,1,0,0,0,1,0,1,0,0,0
1,47.0,1,1,1,1,165.0,35106.0,0,0,1,0,1,0,0,0,1,0,0,0
4,138.0,1,0,1,1,580.0,42028.0,1,1,0,0,0,1,0,0,1,0,0,1
2,54.0,1,0,1,1,165.0,30555.0,1,0,0,0,1,0,0,0,1,0,0,1
1,63.0,1,1,1,1,190.0,30158.0,1,0,0,0,0,1,0,0,1,0,0,1
1,40.0,1,1,1,1,115.0,28750.0,1,1,0,0,0,0,1,0,1,0,0,0
3,106.0,1,0,1,1,312.0,29433.0,1,0,0,0,1,0,0,0,1,0,0,1
3,89.0,1,0,1,1,320.0,35955.0,1,1,0,0,1,0,0,0,1,0,0,1
2,49.0,1,0,0,1,78.0,15918.0,1,0,0,0,0,1,0,0,1,0,0,0
2,42.0,1,1,1,1,160.0,38095.0,1,1,0,0,0,0,1,0,1,0,0,0
2,53.0,1,1,1,1,190.0,35849.0,1,0,0,0,1,0,0,0,1,0,0,1
2,45.0,1,1,1,1,185.0,41111.0,1,0,0,0,0,1,0,0,1,0,0,0
2,42.0,1,0,0,1,117.0,27857.0,1,0,0,0,0,1,0,0,1,0,0,0
1,58.0,1,1,0,1,187.0,31987.0,1,1,0,0,0,1,0,0,1,0,0,1
2,40.0,1,0,1,1,78.0,19500.0,1,1,0,0,0,1,0,0,1,0,0,0
2,80.0,1,1,0,1,385.0,48125.0,1,1,0,0,0,0,1,0,1,0,0,1
2,45.0,1,1,0,1,150.0,33333.0,1,0,0,0,1,0,0,0,1,0,0,0
2,42.0,1,1,0,1,145.0,34523.0,1,1,0,0,0,1,0,0,1,0,0,0
2,74.0,1,1,1,1,105.0,14189.0,1,0,0,0,1,0,0,0,1,0,0,1
4,144.0,1,1,0,1,471.0,32706.0,1,0,0,0,0,1,0,0,1,0,0,1
1,42.0,1,1,1,1,154.0,36666.0,1,0,0,0,1,0,0,0,1,0,0,0
2,51.0,1,0,1,0,90.0,17647.0,1,0,0,0,0,1,0,0,1,0,0,1
2,57.0,1,1,0,1,250.0,43859.0,1,0,0,0,1,0,0,0,1,0,0,1
2,43.0,1,1,1,1,149.0,33909.0,1,0,0,0,0,0,1,0,1,0,0,0
2,45.0,1,1,0,1,220.0,48888.0,1,0,0,0,0,1,0,0,1,0,0,0
2,42.0,1,0,0,1,166.0,39523.0,1,1,0,0,0,0,1,0,1,0,0,0
2,48.0,1,1,1,1,185.0,38110.0,1,1,0,0,1,0,0,0,1,0,0,0
1,47.0,1,0,1,1,130.0,27659.0,1,1,0,0,1,0,0,0,1,0,0,0
1,58.0,1,1,1,1,205.0,35042.0,1,1,0,0,0,1,0,0,1,0,0,1
2,42.0,1,1,0,1,155.0,36904.0,1,1,0,0,1,0,0,0,1,0,0,0
2,42.0,1,1,1,1,150.0,35714.0,1,0,0,0,0,1,0,0,1,0,0,0
2,53.0,1,1,0,1,190.0,35849.0,1,0,0,0,1,0,0,0,1,0,0,1
2,51.0,1,0,1,0,90.0,17647.0,1,0,0,0,0,1,0,0,1,0,0,1
2,42.0,1,1,1,1,160.0,38095.0,1,0,1,0,0,1,0,0,1,0,0,0
2,42.0,1,0,1,1,118.0,28095.0,1,0,0,0,0,1,0,0,1,0,0,0
2,35.0,1,1,0,1,118.0,33714.0,1,0,0,0,0,1,0,0,1,0,0,0
2,40.0,1,0,1,1,90.0,22500.0,1,0,0,0,0,1,0,0,1,0,0,0
2,50.0,1,1,0,1,201.0,40200.0,1,0,0,0,0,1,0,0,1,0,0,0
2,45.0,1,1,0,1,176.0,39111.0,1,0,0,0,1,0,0,0,1,0,0,0
2,43.0,1,1,0,1,156.0,36279.0,1,0,0,0,0,1,0,0,1,0,0,0
2,42.0,1,1,0,1,105.0,25000.0,1,0,0,0,0,1,0,0,1,0,0,0
2,35.0,1,1,0,1,118.0,33714.0,1,0,0,0,0,1,0,0,1,0,0,0
3,42.0,1,1,1,1,180.0,42857.0,1,0,0,0,0,1,0,0,1,0,0,0
2,40.0,1,0,1,1,90.0,22500.0,1,0,0,0,0,1,0,0,1,0,0,0
3,41.0,1,1,1,1,180.0,43902.0,1,0,0,0,0,1,0,0,1,0,0,0
2,42.0,1,1,1,1,153.0,36523.0,1,0,0,0,0,1,0,0,1,0,0,0
2,45.0,1,1,1,1,179.0,39777.0,1,0,0,0,1,0,0,0,1,0,0,0
2,45.0,1,1,1,1,185.0,41111.0,1,0,0,0,0,1,0,0,1,0,0,0
2,42.0,1,0,1,1,150.0,35714.0,1,0,0,0,0,1,0,0,1,0,0,0
2,42.0,1,0,1,1,200.0,47619.0,1,0,0,0,0,1,0,0,1,0,0,0
3,89.0,1,0,0,1,510.0,57303.0,1,1,0,0,1,0,0,0,1,0,0,1
2,49.0,1,1,1,1,190.0,38229.0,1,1,0,0,1,0,0,0,1,0,0,0
2,45.0,1,1,1,1,139.0,30888.0,1,0,0,0,1,0,0,0,1,0,0,0
2,42.0,1,1,0,1,147.0,35000.0,1,1,0,0,0,0,1,0,1,0,0,0
2,42.0,1,0,1,1,150.0,35714.0,1,0,0,0,0,1,0,0,1,0,0,0
4,81.0,1,1,1,1,380.0,46913.0,1,1,0,0,0,1,0,0,1,0,0,1
2,42.0,1,0,1,1,158.0,37619.0,1,0,0,0,0,1,0,0,1,0,0,0
2,33.0,1,1,0,1,95.0,28787.0,1,0,0,0,0,1,0,0,1,0,0,0
1,45.0,1,0,0,1,125.0,27777.0,1,0,0,0,0,1,0,0,1,0,0,0
1,45.0,1,0,0,1,112.0,24888.0,1,0,0,0,0,1,0,0,1,0,0,0
1,54.0,1,1,0,1,115.0,21296.0,0,0,0,1,0,0,1,0,1,0,0,1
1,42.0,1,0,1,1,145.0,34523.0,1,1,0,0,0,1,0,0,1,0,0,0
2,50.0,1,0,0,1,92.0,18400.0,1,0,0,0,0,1,0,0,1,0,0,0
1,38.0,1,0,1,1,98.0,25789.0,1,0,0,0,0,0,1,0,1,0,0,0
2,55.0,1,0,0,1,88.0,16000.0,1,1,0,0,0,1,0,0,1,0,0,1
2,53.0,1,1,1,1,210.0,39622.0,1,0,0,0,0,1,0,0,1,0,0,1
2,50.0,1,1,0,1,216.0,43200.0,1,0,0,0,1,0,0,0,1,0,0,0
2,45.0,1,1,1,1,155.0,34065.0,1,0,0,0,0,1,0,0,1,0,0,0
2,42.0,1,0,1,1,159.0,37857.0,1,0,1,0,0,1,0,0,1,0,0,0
2,60.0,1,0,1,1,120.0,20000.0,1,0,0,0,0,1,0,0,1,0,0,1
2,40.0,1,0,1,1,90.0,22500.0,1,0,0,0,0,1,0,0,1,0,0,0
2,45.0,1,1,0,1,186.0,41333.0,1,0,0,0,0,1,0,0,1,0,0,0
2,46.0,1,1,0,1,186.0,40434.0,1,0,0,0,0,1,0,0,1,0,0,0
2,51.0,1,1,1,1,95.0,18627.0,1,0,0,0,1,0,0,0,1,0,0,1
2,48.0,1,1,1,1,170.0,35416.0,0,1,0,0,0,1,0,0,1,0,0,0
2,46.0,1,1,1,1,170.0,36956.0,1,1,0,0,1,0,0,0,1,0,0,0
4,185.0,1,1,1,1,980.0,52972.0,1,1,0,0,0,1,0,0,1,0,0,1
2,42.0,1,1,0,1,153.0,36428.0,1,0,0,0,0,1,0,0,1,0,0,0
2,45.0,1,0,0,1,155.0,34444.0,1,0,0,0,0,1,0,0,1,0,0,0
2,40.0,1,1,0,1,155.0,38750.0,1,0,0,0,1,0,0,0,1,0,0,0
2,45.0,1,1,0,1,155.0,34444.0,1,0,0,0,1,0,0,0,1,0,0,0
2,42.0,1,1,0,1,148.0,35238.0,1,0,0,0,1,0,0,0,1,0,0,0
2,45.0,1,1,0,1,165.0,36666.0,1,0,0,0,0,1,0,0,1,0,0,0
2,45.0,1,1,0,1,155.0,34444.0,1,0,0,0,0,1,0,0,1,0,0,0
2,45.0,1,1,0,1,155.0,34444.0,1,0,0,0,1,0,0,0,1,0,0,0
2,45.0,1,1,0,1,156.0,34666.0,1,0,0,0,0,1,0,0,1,0,0,0
2,42.0,1,0,0,1,150.0,35714.0,1,1,0,0,0,0,1,0,1,0,0,0
2,51.0,1,1,0,1,99.0,19411.0,1,0,0,0,1,0,0,0,1,0,0,1
1,41.0,1,0,0,1,114.0,27804.0,1,0,0,0,1,0,0,0,1,0,0,0
2,42.0,1,0,0,1,163.0,38809.0,1,1,0,0,0,1,0,0,1,0,0,0
2,42.0,1,0,0,1,160.0,38095.0,1,1,0,0,0,1,0,0,1,0,0,0
2,42.0,1,1,0,1,159.0,37857.0,1,1,0,0,0,1,0,0,1,0,0,0
1,52.0,1,1,1,1,110.0,21153.0,1,0,0,0,0,1,0,0,1,0,0,1
1,42.0,1,1,1,1,112.0,26666.0,1,0,0,0,1,0,0,0,1,0,0,0
1,49.0,1,1,0,1,160.0,32653.0,0,1,1,0,0,1,0,0,1,0,0,0
2,42.0,1,1,0,1,150.0,35714.0,1,1,0,0,0,0,1,0,1,0,0,0
1,45.0,1,0,0,1,150.0,33333.0,1,1,0,0,0,1,0,0,1,0,0,0
1,46.0,1,1,0,1,134.0,29250.0,1,0,0,1,0,0,1,0,1,0,0,0
4,198.0,1,0,1,1,758.0,38282.0,1,1,0,0,0,1,0,0,1,0,0,1
2,42.0,1,1,0,1,120.0,28571.0,1,0,0,0,1,0,0,0,1,0,0,0
2,45.0,1,1,1,1,185.0,41111.0,1,0,0,0,0,1,0,0,1,0,0,0
2,45.0,1,0,0,1,145.0,32222.0,1,1,0,0,1,0,0,0,1,0,0,0
4,158.0,1,0,1,1,698.0,44177.0,1,1,0,0,0,1,0,0,1,0,0,1
4,198.0,0,0,1,1,750.0,37878.0,1,1,0,0,0,0,1,0,1,0,0,1
2,60.0,1,0,1,1,120.0,20000.0,1,0,0,0,0,1,0,0,1,0,0,1
3,138.0,1,0,1,1,620.0,44691.0,1,0,0,0,1,0,0,0,1,0,0,1
3,67.0,1,1,1,1,200.0,29850.0,1,1,0,0,0,1,0,0,1,0,0,1
1,51.0,1,1,1,1,132.0,25882.0,1,1,0,0,0,1,0,0,1,0,0,1
1,54.0,1,1,1,1,110.0,20220.0,1,0,0,0,0,1,0,0,1,0,0,1
1,53.0,1,0,1,1,110.0,20754.0,0,1,0,0,1,0,0,0,1,0,0,1
2,42.0,1,1,1,1,199.0,47380.0,1,0,0,0,1,0,0,0,1,0,0,0
2,49.0,1,1,1,1,115.0,23421.0,0,0,0,1,1,0,0,0,1,0,0,0
1,53.0,1,0,1,1,110.0,20754.0,0,1,0,0,1,0,0,0,1,0,0,1
3,89.0,1,1,1,1,426.0,47865.0,1,1,0,0,1,0,0,0,1,0,0,1
2,42.0,1,1,0,1,145.0,34523.0,1,0,0,0,0,1,0,0,1,0,0,0
2,45.0,1,1,0,1,155.0,34444.0,1,0,0,0,1,0,0,0,1,0,0,0
2,43.0,1,0,0,1,158.0,36744.0,1,0,0,0,0,1,0,0,1,0,0,0
1,45.0,1,1,0,1,116.0,25777.0,1,0,0,0,1,0,0,0,1,0,0,0
2,43.0,1,1,0,1,112.0,26046.0,1,0,0,0,1,0,0,0,1,0,0,0
2,42.0,1,1,1,1,148.0,35238.0,1,1,0,0,0,1,0,0,1,0,0,0
2,42.0,1,0,0,1,158.0,37619.0,1,0,0,0,0,1,0,0,1,0,0,0
2,45.0,1,0,0,1,152.0,33777.0,1,0,0,0,1,0,0,0,1,0,0,0
1,46.0,1,1,0,1,112.0,24347.0,1,0,0,0,0,1,0,0,1,0,0,0
2,40.0,1,0,1,1,90.0,22500.0,1,0,0,0,0,1,0,0,1,0,0,0
2,43.0,1,0,0,1,165.0,38372.0,1,0,0,0,0,1,0,0,1,0,0,0
2,51.0,1,1,1,1,80.0,15686.0,1,1,0,0,1,0,0,0,1,0,0,1
2,51.0,1,1,0,1,80.0,15686.0,1,0,0,0,1,0,0,0,1,0,0,1
2,42.0,1,1,1,1,148.0,35238.0,1,1,0,0,0,1,0,0,1,0,0,0
2,42.0,1,1,1,1,150.0,35714.0,0,1,0,0,0,1,0,0,1,0,0,0
2,45.0,1,1,1,1,190.0,42222.0,1,1,0,0,0,1,0,0,1,0,0,0
2,42.0,1,0,1,1,148.0,35238.0,1,0,0,0,0,1,0,0,1,0,0,0
1,56.0,1,1,1,1,222.0,39153.0,1,1,0,0,0,1,0,0,1,0,0,1
1,58.0,1,1,1,1,145.0,24816.0,0,1,0,0,1,0,0,0,1,0,0,1
1,51.0,1,0,0,1,160.0,31372.0,1,1,0,0,1,0,0,0,1,0,0,1
2,42.0,1,0,1,1,116.0,27619.0,1,0,0,0,0,1,0,0,1,0,0,0
2,42.0,1,0,1,1,160.0,38095.0,1,0,0,0,0,1,0,0,1,0,0,0
1,56.0,1,1,1,1,222.0,39153.0,1,1,0,0,0,1,0,0,1,0,0,1
1,58.0,1,1,1,1,145.0,24816.0,0,1,0,0,1,0,0,0,1,0,0,1
1,40.0,1,1,1,1,110.0,27500.0,1,1,0,0,1,0,0,0,1,0,0,0
2,51.0,1,1,1,1,95.0,18627.0,1,0,0,0,1,0,0,0,1,0,0,1
2,50.0,1,1,1,1,180.0,36000.0,1,0,0,0,1,0,0,0,1,0,0,0
2,42.0,1,1,0,1,155.0,36904.0,1,0,1,0,0,0,1,0,1,0,0,0
3,87.0,0,1,1,1,370.0,42189.0,1,1,0,0,0,1,0,0,1,0,0,1
3,46.0,1,1,1,1,185.0,40217.0,1,0,0,0,0,1,0,0,1,0,0,0
2,50.0,0,1,1,0,225.0,45000.0,1,0,1,0,1,0,0,0,1,0,0,0
2,45.0,1,1,1,1,148.0,32888.0,1,1,0,0,1,0,0,0,1,0,0,0
1,51.0,1,1,0,1,135.0,26470.0,1,1,0,0,0,1,0,0,1,0,0,1
1,34.0,1,1,0,1,98.0,28340.0,1,1,0,0,0,1,0,0,1,0,0,0
3,60.0,1,1,1,1,230.0,38333.0,1,0,0,0,0,1,0,0,1,0,0,1
2,45.0,1,0,1,1,89.0,19777.0,1,1,0,0,1,0,0,0,1,0,0,0
2,73.0,1,1,1,1,311.0,42602.0,1,1,0,0,0,1,0,0,1,0,0,1
2,45.0,1,1,0,1,145.0,32344.0,1,0,0,0,0,0,1,0,1,0,0,0
4,89.0,1,1,1,1,500.0,56179.0,1,1,0,0,1,0,0,0,1,0,0,1
1,42.0,1,1,0,1,180.0,42857.0,1,0,0,0,0,1,0,0,1,0,0,0
2,48.0,1,1,1,1,175.0,36458.0,1,0,0,0,0,1,0,0,1,0,0,0
2,51.0,1,1,1,1,220.0,43137.0,0,1,0,0,0,1,0,0,1,0,0,1
2,50.0,1,1,1,1,240.0,48000.0,1,0,0,0,0,0,1,0,1,0,0,0
1,45.0,1,1,1,1,110.0,24444.0,1,0,0,0,0,0,1,0,1,0,0,0
2,45.0,1,1,0,0,186.0,41333.0,1,1,0,0,1,0,0,0,1,0,0,0
1,58.0,1,1,1,1,185.0,32000.0,1,0,0,0,0,0,1,0,1,0,0,1
2,53.0,1,1,0,1,175.0,33018.0,1,1,0,0,1,0,0,0,1,0,0,1
3,106.0,1,0,1,1,310.0,29245.0,1,0,0,0,1,0,0,0,1,0,0,1
2,42.0,1,0,1,1,145.0,34523.0,1,0,0,0,1,0,0,0,1,0,0,0
1,50.0,1,1,1,1,165.0,33000.0,1,0,0,0,1,0,0,0,1,0,0,0
1,50.0,1,1,1,1,165.0,33000.0,1,0,0,0,1,0,0,0,1,0,0,0
2,47.0,1,1,1,1,185.0,39361.0,1,1,0,0,1,0,0,0,1,0,0,0
5,129.0,0,1,1,1,498.0,38604.0,1,1,0,0,0,0,1,0,1,0,0,1
2,42.0,1,1,1,1,132.0,31428.0,1,0,0,0,0,1,0,0,1,0,0,0
2,42.0,1,1,1,1,158.0,37619.0,1,0,0,0,0,1,0,0,1,0,0,0
3,89.0,1,1,1,1,330.0,37078.0,1,1,0,0,0,1,0,0,1,0,0,1
1,40.0,1,1,1,1,149.0,37250.0,1,1,0,0,1,0,0,0,1,0,0,0
2,54.0,1,0,1,1,165.0,30555.0,1,0,0,0,1,0,0,0,1,0,0,1
1,69.0,1,1,1,1,145.0,21014.0,1,1,0,0,1,0,0,0,1,0,0,1
3,122.0,1,1,1,1,400.0,32786.0,0,0,1,0,0,1,0,0,1,0,0,1
1,45.0,1,1,0,1,120.0,26666.0,0,0,0,1,0,1,0,0,1,0,0,0
4,129.0,0,1,1,1,430.0,33333.0,1,0,0,0,0,0,1,0,1,0,0,1
3,88.0,0,1,1,1,360.0,40909.0,1,1,0,0,1,0,0,0,1,0,0,1
2,49.0,1,0,1,1,76.0,15510.0,1,0,0,0,0,1,0,0,1,0,0,0
1,50.0,1,1,1,1,150.0,30000.0,1,0,0,0,1,0,0,0,1,0,0,0
2,42.0,1,1,1,1,160.0,38095.0,1,0,1,0,0,1,0,0,1,0,0,0
3,89.0,1,0,1,1,480.0,53872.0,1,0,0,0,0,1,0,0,1,0,0,1
2,45.0,1,1,1,1,128.0,28444.0,1,0,0,0,0,1,0,0,1,0,0,0
2,42.0,1,1,1,1,155.0,36904.0,1,0,1,0,0,0,1,0,1,0,0,0
1,35.0,1,1,1,1,116.0,33142.0,0,1,0,1,1,0,0,0,1,0,0,0
2,54.0,1,1,0,1,155.0,28703.0,1,0,0,0,0,0,1,0,1,0,0,1
2,50.0,1,0,1,1,163.0,32600.0,1,1,0,0,1,0,0,0,1,0,0,0
2,47.0,1,1,0,0,126.0,26808.0,1,1,0,0,0,1,0,0,1,0,0,0
2,51.0,1,0,1,0,90.0,17647.0,1,0,0,0,0,1,0,0,1,0,0,1
2,50.0,1,1,0,1,201.0,40200.0,1,0,0,0,0,1,0,0,1,0,0,0
2,42.0,1,0,1,1,159.0,37857.0,1,0,0,0,0,1,0,0,1,0,0,0
2,58.0,1,1,1,1,208.0,35862.0,1,0,0,0,0,1,0,0,1,0,0,1
2,70.0,1,1,1,1,300.0,42857.0,0,1,1,0,1,0,0,0,1,0,0,1
1,43.0,1,1,1,1,155.0,36046.0,1,1,0,0,0,1,0,0,1,0,0,0
2,42.0,1,1,1,1,168.0,40000.0,1,0,0,0,0,1,0,0,1,0,0,0
1,42.0,1,1,1,1,155.0,36904.0,1,1,0,0,1,0,0,0,1,0,0,0
1,50.0,1,1,1,1,175.0,35000.0,0,0,1,0,0,1,0,0,1,0,0,0
3,52.0,1,1,1,1,255.0,49038.0,1,0,0,0,0,1,0,0,1,0,0,1
1,53.0,1,0,0,0,100.0,18867.0,1,0,0,0,0,0,0,0,1,0,0,1
2,49.0,1,1,1,1,178.0,36252.0,0,0,0,1,1,0,0,0,1,0,0,0
1,40.0,1,1,1,1,149.0,37250.0,1,1,0,0,1,0,0,0,1,0,0,0
2,58.0,1,1,1,1,220.0,37931.0,1,0,0,0,0,1,0,0,1,0,0,1
2,52.0,1,1,1,1,208.0,40000.0,1,0,1,0,1,0,0,0,1,0,0,1
2,48.0,1,1,1,1,155.0,32291.0,1,0,0,0,1,0,0,0,1,0,0,0
2,46.0,1,1,1,1,168.0,36521.0,1,0,0,0,0,1,0,0,1,0,0,0
1,42.0,1,1,1,1,170.0,40476.0,1,0,0,0,0,1,0,0,1,0,0,0
2,58.0,1,1,1,1,190.0,32758.0,1,0,1,0,1,0,0,0,1,0,0,1
1,45.0,1,0,1,1,120.0,26666.0,1,0,0,0,0,0,1,0,1,0,0,0
2,52.0,1,1,1,1,208.0,40000.0,1,0,1,0,1,0,0,0,1,0,0,1
2,42.0,1,1,1,1,198.0,47142.0,1,0,0,0,0,1,0,0,1,0,0,0
1,49.0,1,0,0,1,115.0,23469.0,1,0,0,0,0,1,0,0,1,0,0,0
2,42.0,1,0,1,1,160.0,38214.0,1,0,0,0,0,0,1,0,1,0,0,0
2,42.0,1,1,1,1,160.0,38095.0,1,1,0,0,0,0,1,0,1,0,0,0
2,46.0,1,1,1,1,168.0,36521.0,1,0,0,0,1,0,0,0,1,0,0,0
1,40.0,1,1,0,1,118.0,29500.0,1,0,0,0,0,1,0,0,1,0,0,0
1,48.0,1,1,0,1,133.0,27198.0,1,0,0,0,0,0,1,0,1,0,0,0
2,42.0,1,1,1,1,172.0,40952.0,0,0,1,0,0,1,0,0,1,0,0,0
3,121.0,0,0,1,1,385.0,31818.0,1,1,0,0,0,1,0,0,1,0,0,1
2,51.0,1,0,1,0,90.0,17647.0,1,0,0,0,0,1,0,0,1,0,0,1
3,89.0,0,0,1,1,278.0,31235.0,1,1,0,0,0,1,0,0,1,0,0,1
3,89.0,0,0,0,1,300.0,33707.0,1,1,0,0,0,1,0,0,1,0,0,1
3,121.0,0,0,1,1,370.0,30578.0,1,1,0,0,0,0,1,0,1,0,0,1
4,89.0,0,0,1,1,280.0,31460.0,1,1,0,0,0,1,0,0,1,0,0,1
2,46.0,1,1,1,1,168.0,36521.0,1,0,0,0,0,1,0,0,1,0,0,0
2,42.0,1,1,1,1,160.0,38095.0,1,0,0,0,0,1,0,0,1,0,0,0
2,45.0,1,1,0,0,186.0,41333.0,1,1,0,0,1,0,0,0,1,0,0,0
2,50.0,1,1,0,1,160.0,32000.0,1,0,0,0,1,0,0,0,1,0,0,0
2,55.0,1,1,0,1,150.0,27272.0,1,0,0,0,0,1,0,0,1,0,0,1
2,42.0,1,1,1,1,166.0,39523.0,0,0,1,0,0,1,0,0,1,0,0,0
2,37.0,1,1,1,1,135.0,36486.0,1,1,0,0,1,0,0,0,1,0,0,0
2,42.0,1,0,1,1,133.0,31666.0,1,0,0,0,0,0,1,0,1,0,0,0
2,37.0,1,1,1,1,115.0,31081.0,1,1,0,0,1,0,0,0,1,0,0,0
2,42.0,1,0,1,1,128.0,30476.0,1,0,0,0,1,0,0,0,1,0,0,0
2,42.0,1,1,0,1,135.0,32142.0,1,0,0,0,1,0,0,0,1,0,0,0
2,47.0,1,1,1,0,81.0,17234.0,1,0,0,0,0,0,1,0,1,0,0,0
2,51.0,1,1,1,1,220.0,43137.0,0,1,0,0,0,1,0,0,1,0,0,1
2,42.0,1,1,1,1,150.0,35714.0,1,0,1,0,0,1,0,0,1,0,0,0
2,42.0,1,1,1,1,166.0,39523.0,1,0,1,0,0,1,0,0,1,0,0,0
2,42.0,1,1,1,1,160.0,38095.0,1,1,0,0,0,0,1,0,1,0,0,0
2,49.0,1,1,0,1,160.0,32653.0,1,0,0,0,0,1,0,0,1,0,0,0
2,42.0,1,1,1,1,166.0,39523.0,1,0,1,0,0,1,0,0,1,0,0,0
2,35.0,1,1,0,1,118.0,33714.0,1,0,0,0,0,1,0,0,1,0,0,0
2,42.0,1,0,1,1,118.0,28095.0,1,0,0,0,0,1,0,0,1,0,0,0
2,40.0,1,0,1,1,90.0,22500.0,1,0,0,0,0,1,0,0,1,0,0,0
2,45.0,1,1,1,1,168.0,37333.0,1,0,0,0,0,1,0,0,1,0,0,0
2,42.0,1,0,1,1,130.0,30952.0,1,0,0,0,0,1,0,0,1,0,0,0
2,43.0,1,1,1,1,160.0,37209.0,1,0,0,0,0,0,1,0,1,0,0,0
2,42.0,1,1,1,1,150.0,35714.0,1,0,0,0,0,0,1,0,1,0,0,0
2,73.0,1,0,0,1,211.0,28904.0,1,0,0,0,1,0,0,0,1,0,0,1
1,39.0,1,1,1,1,120.0,30769.0,0,0,1,0,1,0,0,0,1,0,0,0
2,42.0,1,0,1,1,145.0,34523.0,1,0,0,0,1,0,0,0,1,0,0,0
2,49.0,1,1,0,1,165.0,33591.0,0,0,0,1,0,1,0,0,1,0,0,0
2,49.0,1,1,0,1,136.0,27676.0,0,0,0,1,1,0,0,0,1,0,0,0
2,42.0,1,0,1,1,130.0,30952.0,1,0,0,0,0,1,0,0,1,0,0,0
2,45.0,1,1,1,1,156.0,33986.0,1,0,0,0,0,1,0,0,1,0,0,0
1,35.0,1,1,0,0,120.0,34285.0,0,0,1,0,0,1,0,0,1,0,0,0
3,49.0,1,1,0,1,175.0,35714.0,0,0,1,0,0,1,0,0,1,0,0,0
1,49.0,0,1,0,1,145.0,29591.0,0,0,1,0,0,1,0,0,1,0,0,0
2,42.0,1,0,1,1,188.0,44339.0,1,0,1,0,0,0,1,0,1,0,0,0
2,42.0,1,0,0,1,210.0,50000.0,1,0,0,0,0,1,0,0,1,0,0,0
2,72.0,1,0,1,1,201.0,27916.0,1,0,0,0,0,0,1,0,1,0,0,1
2,42.0,1,0,0,1,188.0,44339.0,1,0,1,0,0,0,1,0,1,0,0,0
3,85.0,1,0,1,1,301.0,35229.0,1,0,0,0,0,1,0,0,1,0,0,1
3,89.0,1,0,0,1,251.0,28139.0,1,0,0,0,0,1,0,0,1,0,0,1
2,42.0,1,0,0,1,188.0,44339.0,1,0,1,0,0,0,1,0,1,0,0,0
2,42.0,1,0,1,1,130.0,30952.0,1,0,0,0,0,1,0,0,1,0,0,0
2,42.0,1,0,0,1,169.0,40238.0,1,0,1,0,0,1,0,0,1,0,0,0
3,85.0,1,0,1,1,251.0,29196.0,1,0,0,0,0,1,0,0,1,0,0,1
2,42.0,1,0,0,1,188.0,44339.0,1,0,1,0,0,0,1,0,1,0,0,0
2,42.0,1,0,0,1,188.0,44339.0,1,0,1,0,0,0,1,0,1,0,0,0
2,51.0,1,1,1,1,150.0,29411.0,1,0,0,0,1,0,0,0,1,0,0,1
2,42.0,1,0,1,1,145.0,34523.0,1,0,0,0,1,0,0,0,1,0,0,0
2,81.0,1,0,1,1,252.0,31111.0,1,0,0,0,0,1,0,0,1,0,0,1
2,32.0,1,0,1,1,80.0,25000.0,1,1,0,0,1,0,0,0,1,0,0,0
1,42.0,1,0,1,1,148.0,35428.0,1,0,0,0,1,0,0,0,1,0,0,0
1,47.0,1,1,1,1,148.0,31489.0,1,0,0,0,0,0,1,0,1,0,0,0
2,42.0,1,1,1,1,160.0,38095.0,1,0,1,0,0,1,0,0,1,0,0,0
2,42.0,1,0,0,1,159.0,38000.0,1,0,0,0,1,0,0,0,1,0,0,0
2,42.0,1,0,0,1,188.0,44339.0,1,0,1,0,0,0,1,0,1,0,0,0
2,75.0,1,0,1,1,202.0,26933.0,1,1,0,0,1,0,0,0,1,0,0,1
2,62.0,1,0,1,1,151.0,24350.0,1,1,0,0,1,0,0,0,1,0,0,1
2,49.0,1,1,0,0,107.0,21836.0,1,0,0,0,1,0,0,0,1,0,0,0
2,42.0,1,0,1,1,188.0,44339.0,1,0,1,0,0,0,1,0,1,0,0,0
2,42.0,1,0,0,1,188.0,44339.0,1,0,1,0,0,0,1,0,1,0,0,0
2,42.0,1,0,0,1,188.0,44339.0,1,0,1,0,0,0,1,0,1,0,0,0
4,88.0,0,1,1,1,400.0,45197.0,1,1,0,0,1,0,0,0,1,0,0,1
2,42.0,1,0,1,1,130.0,30952.0,1,0,0,0,0,1,0,0,1,0,0,0
2,42.0,1,0,1,1,178.0,42380.0,1,0,0,0,0,1,0,0,1,0,0,0
2,80.0,1,1,0,1,120.0,15000.0,1,0,0,0,0,1,0,0,1,0,0,1
2,39.0,1,1,1,1,110.0,28205.0,1,0,0,0,0,1,0,0,1,0,0,0
2,42.0,1,1,1,1,156.0,37142.0,1,0,0,0,0,1,0,0,1,0,0,0
1,60.0,1,1,1,1,180.0,30000.0,0,0,0,1,1,0,0,0,1,0,0,1
2,42.0,1,0,0,1,138.0,32857.0,1,0,1,0,0,1,0,0,1,0,0,0
2,48.0,1,0,1,1,165.0,34375.0,1,0,0,0,0,1,0,0,1,0,0,0
2,42.0,1,0,1,1,135.0,32142.0,1,0,0,0,1,0,0,0,1,0,0,0
2,70.0,1,1,0,1,100.0,14285.0,1,0,0,0,1,0,0,0,1,0,0,1
2,52.0,1,1,1,1,220.0,42307.0,1,0,0,0,0,1,0,0,1,0,0,1
2,50.0,1,1,0,1,110.0,22000.0,1,0,0,0,1,0,0,0,1,0,0,0
1,68.0,1,1,1,1,205.0,30147.0,1,0,0,0,0,0,1,0,1,0,0,1
3,86.0,1,1,1,1,314.0,36175.0,1,1,0,0,0,1,0,0,1,0,0,1
2,32.0,1,0,1,1,80.0,25000.0,1,1,0,0,1,0,0,0,1,0,0,0
1,45.0,1,0,0,1,123.0,27444.0,1,0,0,0,0,0,1,0,1,0,0,0
1,49.0,1,0,0,1,115.0,23469.0,1,0,0,0,0,1,0,0,1,0,0,0
2,45.0,1,1,1,1,155.0,34444.0,1,0,0,0,0,1,0,0,1,0,0,0
1,66.0,1,0,1,1,167.0,25303.0,0,1,0,0,0,1,0,0,0,1,0,1
3,136.0,1,1,1,1,430.0,31617.0,1,1,0,0,0,1,0,0,0,1,0,1
3,133.0,1,1,1,1,410.0,30827.0,1,1,0,0,0,1,0,0,0,1,0,1
2,61.0,1,0,1,1,230.0,37704.0,1,0,0,1,1,0,0,0,0,1,0,1
4,181.0,1,1,1,1,760.0,41988.0,1,0,0,0,1,0,0,0,0,1,0,1
2,89.0,1,1,1,0,430.0,48314.0,1,1,0,0,0,1,0,0,0,1,0,1
1,55.0,1,1,1,1,99.0,18000.0,1,0,0,0,0,1,0,0,0,1,0,1
3,121.0,1,1,1,1,412.0,33937.0,1,1,0,0,0,1,0,0,0,1,0,1
1,38.0,1,0,1,1,82.0,21578.0,1,0,0,0,0,1,0,0,0,1,0,0
2,40.0,1,1,0,1,75.0,18750.0,1,1,0,0,0,1,0,0,0,1,0,0
2,45.0,1,1,0,1,64.0,14422.0,1,1,0,0,0,1,0,0,0,1,0,0
3,121.0,1,1,1,1,460.0,38016.0,1,1,0,0,1,0,0,0,0,1,0,1
1,86.0,1,1,1,1,155.0,17898.0,1,1,0,0,0,1,0,0,0,1,0,1
3,121.0,1,1,1,1,460.0,38016.0,1,1,0,0,1,0,0,0,0,1,0,1
2,48.0,1,0,0,1,89.0,18541.0,1,1,0,0,0,1,0,0,0,1,0,0
2,47.0,1,1,1,1,93.0,19787.0,1,0,0,0,0,1,0,0,0,1,0,0
2,57.0,1,0,1,1,150.0,26315.0,1,1,0,0,0,1,0,0,0,1,0,1
3,89.0,1,0,1,1,260.0,29213.0,1,1,0,0,1,0,0,0,0,1,0,1
2,88.0,1,0,1,1,358.0,40681.0,1,0,0,0,0,1,0,0,0,1,0,1
2,88.0,1,1,1,1,380.0,43059.0,1,1,0,0,0,0,1,0,0,1,0,1
4,136.0,1,1,1,1,670.0,49084.0,1,1,0,0,1,0,0,0,0,1,0,1
3,126.0,1,1,1,1,575.0,45634.0,1,1,0,0,1,0,0,0,0,1,0,1
2,88.0,1,0,1,1,358.0,40681.0,1,0,0,0,0,1,0,0,0,1,0,1
1,63.0,1,0,1,1,143.0,22698.0,1,1,0,0,1,0,0,0,0,1,0,1
1,65.0,1,1,1,1,275.0,42003.0,1,0,0,0,1,0,0,0,0,1,0,1
2,61.0,1,0,1,1,230.0,37704.0,1,0,0,1,1,0,0,0,0,1,0,1
3,153.0,1,0,1,1,675.0,43873.0,1,0,0,0,0,0,1,0,0,1,0,1
1,50.0,1,1,0,1,140.0,28000.0,0,0,1,0,0,0,1,0,0,1,0,0
3,117.0,1,1,1,1,558.0,47735.0,1,0,0,0,0,1,0,0,0,1,0,1
3,89.0,1,1,1,1,422.0,47503.0,1,0,0,0,0,0,1,0,0,1,0,1
3,134.0,1,1,0,1,645.0,48175.0,1,0,0,0,1,0,0,0,0,1,0,1
3,89.0,0,0,1,0,151.0,16966.0,1,1,0,0,0,0,1,0,0,1,0,1
4,139.0,1,1,1,1,650.0,46762.0,1,0,0,0,0,0,1,0,0,1,0,1
4,89.0,1,1,1,1,500.0,56179.0,1,1,0,0,0,0,1,0,0,1,0,1
2,87.0,1,1,1,1,425.0,48350.0,1,0,0,0,0,0,1,0,0,1,0,1
2,38.0,1,0,0,1,73.0,19210.0,1,0,0,0,0,1,0,0,0,1,0,0
2,40.0,1,1,1,1,100.0,25000.0,0,0,1,0,0,1,0,0,0,1,0,0
2,40.0,1,1,1,1,100.0,25000.0,0,0,1,0,0,1,0,0,0,1,0,0
1,34.0,1,1,0,1,110.0,32352.0,1,0,0,0,0,0,1,0,0,1,0,0
3,124.0,0,1,0,1,370.0,29838.0,1,1,0,0,0,1,0,0,0,1,0,1
3,132.0,0,0,0,1,375.0,28409.0,1,0,0,0,0,1,0,0,0,1,0,1
2,82.0,1,0,0,1,288.0,35121.0,1,0,0,0,1,0,0,0,0,1,0,1
2,82.0,1,0,0,1,288.0,35121.0,1,0,0,0,1,0,0,0,0,1,0,1
5,272.0,0,0,1,1,795.0,29227.0,1,0,0,0,0,0,0,0,0,1,0,1
2,40.0,1,1,0,1,100.0,25000.0,1,1,0,0,0,1,0,0,0,1,0,0
2,87.0,1,0,1,1,293.0,33678.0,1,0,0,0,1,0,0,0,0,1,0,1
4,171.0,1,1,1,1,530.0,30994.0,1,1,0,0,0,0,1,0,0,1,0,1
2,50.0,1,1,1,1,86.0,17200.0,1,1,0,0,0,1,0,0,0,1,0,0
2,88.0,0,1,1,0,445.0,50568.0,1,0,0,0,0,1,0,0,0,1,0,1
3,133.0,1,0,1,1,320.0,24060.0,1,1,0,0,1,0,0,0,0,1,0,1
4,134.0,1,1,1,1,716.0,53432.0,1,1,0,0,0,0,1,0,0,1,0,1
3,140.0,1,1,1,1,510.0,36402.0,1,1,0,0,0,0,1,0,0,1,0,1
3,89.0,1,1,1,0,385.0,43258.0,1,1,0,0,0,1,0,0,0,1,0,1
2,87.0,1,1,1,1,490.0,55872.0,1,0,0,0,0,1,0,0,0,1,0,1
2,40.0,1,1,1,1,65.0,16250.0,1,1,0,0,0,1,0,0,0,1,0,0
3,88.0,0,1,1,1,320.0,36322.0,1,0,0,0,1,0,0,0,0,1,0,1
1,65.0,1,1,1,1,275.0,42003.0,1,0,0,0,1,0,0,0,0,1,0,1
3,139.0,1,1,0,1,601.0,43107.0,1,0,0,0,1,0,0,0,0,1,0,1
2,85.0,1,1,1,1,120.0,14117.0,1,1,0,0,0,1,0,0,0,1,0,1
3,88.0,1,0,1,1,310.0,35227.0,1,1,0,0,1,0,0,0,0,1,0,1
3,89.0,1,1,1,1,290.0,32584.0,1,1,0,0,0,1,0,0,0,1,0,1
2,99.0,1,1,1,1,335.0,33838.0,1,1,0,0,1,0,0,0,0,1,0,1
4,181.0,1,1,1,1,760.0,41988.0,1,0,0,0,1,0,0,0,0,1,0,1
1,55.0,1,1,1,1,102.0,18545.0,1,0,0,0,0,1,0,0,0,1,0,1
2,89.0,1,1,0,1,455.0,51185.0,1,1,0,0,0,1,0,0,0,1,0,1
2,68.0,1,0,0,1,235.0,34558.0,1,1,0,0,0,0,1,0,0,1,0,1
2,88.0,1,1,1,1,450.0,50784.0,1,0,0,0,1,0,0,0,0,1,0,1
1,55.0,1,1,0,1,90.0,16363.0,1,1,0,0,0,1,0,0,0,1,0,1
3,177.0,1,0,1,1,678.0,38305.0,1,1,0,0,0,1,0,0,0,1,0,1
2,89.0,1,1,1,1,420.0,47191.0,1,1,0,0,0,1,0,0,0,1,0,1
3,135.0,1,1,1,1,550.0,40740.0,1,1,0,0,0,0,1,0,0,1,0,1
1,52.0,1,1,0,1,80.0,15384.0,1,1,0,0,0,1,0,0,0,1,0,1
2,78.0,1,1,0,1,140.0,17861.0,0,0,1,0,1,0,0,0,0,1,0,1
2,60.0,1,0,1,1,200.0,33333.0,1,0,0,0,0,1,0,0,0,1,0,1
1,45.0,1,1,0,1,120.0,26666.0,0,0,1,0,0,1,0,0,0,1,0,0
3,103.0,1,1,0,1,380.0,36893.0,1,1,0,0,0,0,1,0,0,1,0,1
2,89.0,1,1,0,1,410.0,46067.0,1,0,0,0,0,0,1,0,0,1,0,1
1,52.0,1,1,1,1,90.0,17307.0,1,1,0,0,0,1,0,0,0,1,0,1
1,55.0,1,1,1,1,92.0,16727.0,1,1,0,0,0,1,0,0,0,1,0,1
3,88.0,1,1,1,1,320.0,36363.0,1,0,0,0,0,1,0,0,0,1,0,1
3,133.0,1,1,0,1,615.0,46060.0,1,1,0,0,0,1,0,0,0,1,0,1
2,59.0,1,1,0,1,302.0,50725.0,1,0,0,0,1,0,0,0,0,1,0,1
3,125.0,1,1,0,1,502.0,40043.0,1,1,0,0,1,0,0,0,0,1,0,1
1,54.0,1,1,1,1,98.0,18148.0,0,0,0,1,1,0,0,0,0,1,0,1
2,89.0,1,1,1,1,300.0,33707.0,1,1,0,0,0,1,0,0,0,1,0,1
1,53.0,1,0,1,1,105.0,19811.0,1,1,0,0,1,0,0,0,0,1,0,1
1,52.0,1,1,1,1,85.0,16346.0,1,0,1,0,1,0,0,0,0,1,0,1
1,58.0,1,1,0,1,245.0,42241.0,1,1,0,0,0,0,1,0,0,1,0,1
4,79.0,1,0,0,0,395.0,49936.0,1,1,0,0,1,0,0,0,0,1,0,1
1,51.0,1,1,1,1,125.0,24509.0,1,1,0,0,0,1,0,0,0,1,0,1
3,130.0,1,0,1,1,520.0,40000.0,1,0,0,0,0,1,0,0,0,1,0,1
2,88.0,1,1,1,1,160.0,18018.0,1,0,0,0,0,1,0,0,0,1,0,1
2,90.0,1,0,1,1,155.0,17222.0,1,0,0,0,0,1,0,0,0,1,0,1
1,51.0,1,1,0,0,153.0,30000.0,1,1,0,0,0,1,0,0,0,1,0,1
2,58.0,1,0,1,1,235.0,39898.0,1,0,0,0,0,1,0,0,0,1,0,1
3,89.0,1,1,1,1,500.0,56179.0,1,0,0,0,0,0,1,0,0,1,0,1
1,40.0,1,1,1,1,118.0,29500.0,1,1,0,0,1,0,0,0,0,1,0,0
2,48.0,1,0,1,1,180.0,37500.0,1,1,0,0,1,0,0,0,0,1,0,0
1,40.0,1,1,1,1,118.0,29500.0,1,1,0,0,1,0,0,0,0,1,0,0
1,77.0,1,0,1,1,151.0,19610.0,1,0,0,1,0,0,1,0,0,1,0,1
2,54.0,1,0,0,1,201.0,36725.0,1,0,0,0,0,1,0,0,0,1,0,1
2,88.0,1,1,1,1,400.0,45146.0,1,0,0,0,0,1,0,0,0,1,0,1
1,75.0,1,0,1,1,138.0,18400.0,1,0,0,1,0,0,1,0,0,1,0,1
3,87.0,1,1,1,1,306.0,35091.0,1,0,0,0,1,0,0,0,0,1,0,1
3,86.0,1,1,1,1,302.0,35075.0,1,0,0,0,1,0,0,0,0,1,0,1
1,50.0,0,0,1,0,105.0,20933.0,0,1,0,0,0,0,1,0,0,1,0,0
2,89.0,1,1,1,1,340.0,38202.0,1,0,0,0,0,1,0,0,0,1,0,1
2,55.0,1,1,1,1,100.0,18181.0,1,0,0,0,0,1,0,0,0,1,0,1
1,40.0,1,1,1,1,108.0,26932.0,0,0,0,1,0,1,0,0,0,1,0,0
2,101.0,1,1,1,1,425.0,41871.0,1,0,0,0,0,1,0,0,0,1,0,1
3,89.0,1,1,1,1,326.0,36629.0,1,0,0,0,0,0,1,0,0,1,0,1
1,54.0,1,1,1,1,110.0,20370.0,0,0,0,1,0,0,1,0,0,1,0,1
1,54.0,1,1,1,1,115.0,21296.0,1,1,0,0,0,1,0,0,0,1,0,1
3,139.0,1,0,1,1,450.0,32188.0,1,1,0,0,0,0,1,0,0,1,0,1
2,41.0,1,0,1,1,64.0,15347.0,1,1,0,0,1,0,0,0,0,1,0,0
1,74.0,1,1,0,1,220.0,29352.0,1,0,0,0,0,1,0,0,0,1,0,1
2,75.0,1,0,1,1,138.0,18400.0,1,0,0,1,0,1,0,0,0,1,0,1
3,87.0,1,1,1,1,335.0,38505.0,1,0,1,0,1,0,0,0,0,1,0,1
3,88.0,1,1,1,1,328.0,37272.0,1,1,0,0,1,0,0,0,0,1,0,1
1,52.0,1,1,1,1,85.0,16346.0,1,0,1,0,1,0,0,0,0,1,0,1
2,89.0,1,1,1,1,430.0,48314.0,1,1,0,0,0,1,0,0,0,1,0,1
2,89.0,1,1,1,1,435.0,48876.0,1,1,0,0,0,1,0,0,0,1,0,1
1,52.0,1,1,0,1,83.0,15961.0,1,1,0,0,0,1,0,0,0,1,0,1
3,150.0,1,1,1,1,500.0,33333.0,1,0,0,0,0,1,0,0,0,1,0,1
2,40.0,1,1,1,1,100.0,25000.0,0,0,1,0,0,1,0,0,0,1,0,0
3,89.0,1,1,1,1,288.0,32323.0,1,1,0,0,0,0,1,0,0,1,0,1
3,81.0,0,0,1,0,324.0,40000.0,1,0,0,0,0,0,1,0,0,1,0,1
2,83.0,1,0,1,0,259.0,30958.0,0,1,0,0,1,0,0,0,0,1,0,1
1,59.0,1,1,1,0,285.0,48305.0,1,0,0,0,0,1,0,0,0,1,0,1
3,139.0,1,1,1,1,600.0,42949.0,1,1,0,0,0,1,0,0,0,1,0,1
1,42.0,1,1,1,0,135.0,32142.0,0,0,1,0,0,0,1,0,0,1,0,0
3,140.0,1,1,1,1,600.0,42857.0,1,1,0,0,0,1,0,0,0,1,0,1
3,139.0,1,1,1,0,680.0,48780.0,1,1,0,0,1,0,0,0,0,1,0,1
4,142.0,1,1,1,1,592.0,41543.0,1,1,0,0,1,0,0,0,0,1,0,1
2,88.0,1,1,1,1,450.0,50784.0,1,0,0,0,1,0,0,0,0,1,0,1
1,50.0,1,1,1,0,85.0,17000.0,0,1,0,0,0,0,1,0,0,1,0,0
1,38.0,1,1,1,1,88.0,23157.0,1,1,0,0,0,0,1,0,0,1,0,0
2,40.0,1,1,1,1,100.0,25000.0,0,0,1,0,0,1,0,0,0,1,0,0
3,117.0,1,1,1,1,476.0,40683.0,1,1,0,0,1,0,0,0,0,1,0,1
3,89.0,1,1,1,1,278.0,31235.0,1,0,0,0,1,0,0,0,0,1,0,1
3,88.0,1,1,1,1,308.0,35000.0,1,1,0,0,0,0,1,0,0,1,0,1
3,128.0,1,0,1,1,488.0,38125.0,1,0,0,0,0,1,0,0,0,1,0,1
6,276.0,1,1,1,1,830.0,30072.0,1,1,0,0,1,0,0,0,0,1,0,1
3,89.0,1,0,1,1,488.0,54831.0,1,0,0,0,0,1,0,0,0,1,0,1
2,60.0,1,0,1,1,198.0,32565.0,1,0,0,1,0,1,0,0,0,1,0,1
2,85.0,1,0,1,1,244.0,28705.0,1,0,0,0,1,0,0,0,0,1,0,1
4,89.0,1,1,1,1,396.0,44494.0,0,1,1,0,0,1,0,0,0,1,0,1
2,84.0,1,1,1,1,299.0,35217.0,1,0,0,0,1,0,0,0,0,1,0,1
4,169.0,1,1,0,1,666.0,39408.0,1,0,0,0,1,0,0,0,0,1,0,1
2,74.0,1,0,0,1,213.0,28783.0,1,0,0,0,1,0,0,0,0,1,0,1
2,88.0,1,0,1,1,358.0,40681.0,1,0,0,0,0,1,0,0,0,1,0,1
3,125.0,1,1,1,1,420.0,33600.0,1,1,0,0,0,1,0,0,0,1,0,1
3,90.0,1,1,1,1,315.0,35000.0,1,0,0,0,1,0,0,0,0,1,0,1
2,89.0,1,1,1,1,400.0,44943.0,1,1,0,0,1,0,0,0,0,1,0,1
3,155.0,1,1,1,1,488.0,31463.0,1,1,0,0,0,0,1,0,0,1,0,1
4,148.0,1,1,1,1,488.0,32861.0,1,1,0,0,0,0,1,0,0,1,0,1
1,44.0,1,1,1,1,85.0,19230.0,0,0,0,1,1,0,0,0,0,1,0,0
1,63.0,1,1,1,1,125.0,19841.0,1,0,0,0,1,0,0,0,0,1,0,1
4,65.0,0,1,1,0,198.0,30461.0,1,1,0,0,0,0,0,0,0,1,0,1
4,65.0,0,1,1,0,198.0,30461.0,1,1,0,0,0,0,0,0,0,1,0,1
3,49.0,1,1,1,1,145.0,29591.0,0,0,0,1,0,0,1,0,0,1,0,0
3,49.0,1,1,1,1,150.0,30612.0,0,0,0,1,1,0,0,0,0,1,0,0
3,127.0,1,0,0,1,342.0,26929.0,1,0,0,0,0,1,0,0,0,1,0,1
3,135.0,1,0,1,1,620.0,45857.0,0,1,0,0,0,1,0,0,0,1,0,1
3,117.0,1,0,1,1,301.0,25630.0,1,1,0,0,0,1,0,0,0,1,0,1
5,302.0,0,0,1,1,725.0,24006.0,1,0,0,0,0,0,0,0,0,1,0,1
3,82.0,1,1,1,0,300.0,36496.0,1,1,0,0,1,0,0,0,0,1,0,1
3,89.0,1,0,1,1,492.0,55280.0,1,1,0,0,1,0,0,0,0,1,0,1
2,84.0,1,1,1,0,280.0,33333.0,1,1,0,0,0,0,1,0,0,1,0,1
3,49.0,1,1,1,1,168.0,34285.0,0,0,1,0,0,1,0,0,0,1,0,0
3,86.0,1,1,1,1,340.0,39488.0,1,1,0,0,0,1,0,0,0,1,0,1
3,87.0,1,1,1,1,302.0,34712.0,1,1,0,0,1,0,0,0,0,1,0,1
4,189.0,0,0,0,1,750.0,39682.0,1,1,0,0,1,0,0,0,0,1,0,1
1,40.0,1,1,1,1,140.0,34440.0,0,1,1,0,0,1,0,0,0,1,0,0
1,50.0,1,1,0,1,98.0,19600.0,1,0,0,0,0,1,0,0,0,1,0,0
3,78.0,1,1,1,1,300.0,38461.0,1,0,0,0,0,1,0,0,0,1,0,1
1,45.0,1,1,0,1,120.0,26666.0,0,0,1,0,0,1,0,0,0,1,0,0
3,103.0,1,1,0,1,380.0,36893.0,1,1,0,0,0,0,1,0,0,1,0,1
3,121.0,0,1,0,1,370.0,30578.0,1,1,0,0,1,0,0,0,0,1,0,1
2,60.0,1,0,0,1,210.0,35000.0,1,0,0,0,1,0,0,0,0,1,0,1
1,55.0,1,1,0,1,138.0,25090.0,0,0,1,0,0,1,0,0,0,1,0,1
2,45.0,1,0,0,0,72.0,16000.0,1,1,0,0,0,1,0,0,0,1,0,0
2,88.0,1,0,0,0,355.0,40340.0,1,0,0,0,0,1,0,0,0,1,0,1
1,56.0,1,1,0,0,120.0,21428.0,0,1,0,0,1,0,0,0,0,1,0,1
2,89.0,1,1,0,1,285.0,32022.0,1,1,0,0,1,0,0,0,0,1,0,1
1,62.0,1,1,0,0,120.0,19354.0,1,0,0,0,1,0,0,0,0,1,0,1
3,89.0,1,0,0,0,580.0,65168.0,1,0,0,0,0,1,0,0,0,1,0,1
3,112.0,1,0,1,0,540.0,48214.0,1,0,0,0,0,1,0,0,0,1,0,1
2,85.0,1,0,1,1,500.0,58823.0,1,1,0,0,0,0,1,0,0,1,0,1
3,129.0,1,1,1,1,580.0,44961.0,1,1,0,0,1,0,0,0,0,1,0,1
2,88.0,1,0,1,1,530.0,60227.0,1,1,0,0,1,0,0,0,0,1,0,1
3,155.0,1,1,0,0,530.0,34193.0,1,1,0,0,1,0,0,0,0,1,0,1
4,150.0,1,0,0,0,525.0,35000.0,1,1,0,0,0,0,1,0,0,1,0,1
1,35.0,1,1,1,1,100.0,28571.0,1,1,0,0,0,0,1,0,0,1,0,0
3,152.0,1,1,0,0,590.0,38815.0,1,1,0,0,1,0,0,0,0,1,0,1
4,89.0,1,1,0,0,328.0,36853.0,1,1,0,0,0,1,0,0,0,1,0,1
2,87.0,1,1,0,0,425.0,48850.0,1,1,0,0,0,1,0,0,0,1,0,1
4,178.0,1,1,0,0,680.0,38202.0,1,1,0,0,1,0,0,0,0,1,0,1
3,135.0,1,1,0,1,650.0,48148.0,1,1,0,0,0,1,0,0,0,1,0,1
3,149.0,1,1,0,1,560.0,37583.0,1,1,0,0,1,0,0,0,0,1,0,1
3,137.0,1,0,0,0,539.0,39343.0,1,1,0,0,1,0,0,0,0,1,0,1
2,89.0,1,1,0,0,372.0,41797.0,1,0,0,0,1,0,0,0,0,1,0,1
4,207.0,1,1,0,0,800.0,38647.0,1,0,0,0,1,0,0,0,0,1,0,1
2,85.0,1,0,0,0,338.0,39764.0,1,1,0,0,0,1,0,0,0,1,0,1
2,59.0,1,1,0,0,267.0,45254.0,1,1,0,0,0,1,0,0,0,1,0,1
3,90.0,1,1,0,0,308.0,34222.0,1,1,0,0,0,1,0,0,0,1,0,1
1,33.0,1,1,1,1,120.0,36363.0,1,1,0,0,0,1,0,0,0,1,0,0
1,42.0,1,1,0,1,100.0,23809.0,1,1,0,0,0,1,0,0,0,1,0,0
3,88.0,1,1,0,0,355.0,40340.0,1,1,0,0,1,0,0,0,0,1,0,1
2,46.0,1,1,0,1,145.0,31521.0,1,1,0,0,0,1,0,0,0,1,0,0
4,139.0,1,1,0,0,468.0,33669.0,1,1,0,0,0,1,0,0,0,1,0,1
2,89.0,1,1,1,1,390.0,43820.0,1,0,0,0,1,0,0,0,0,1,0,1
4,175.0,0,1,1,1,810.0,46285.0,1,1,0,0,1,0,0,0,0,1,0,1
1,50.0,0,1,0,0,205.0,41000.0,0,1,0,0,0,0,0,0,0,1,0,0
3,128.0,1,1,1,1,590.0,46093.0,1,1,0,0,1,0,0,0,0,1,0,1
4,184.0,1,1,1,1,760.0,41304.0,1,1,0,0,0,0,1,0,0,1,0,1
2,94.0,1,1,1,1,420.0,44680.0,1,1,0,0,0,0,1,0,0,1,0,1
1,33.0,1,1,1,1,138.0,41818.0,1,1,0,0,0,1,0,0,0,1,0,0
2,87.0,1,0,1,1,435.0,50000.0,1,1,0,0,1,0,0,0,0,1,0,1
3,122.0,1,1,0,0,383.0,31393.0,0,0,1,0,0,1,0,0,0,1,0,1
2,69.0,1,1,0,0,230.0,33333.0,1,1,0,0,1,0,0,0,0,1,0,1
1,40.0,1,1,0,0,122.0,30500.0,1,1,0,0,0,0,1,0,0,1,0,0
2,109.0,1,1,0,0,348.0,31926.0,1,1,0,0,0,1,0,0,0,1,0,1
4,168.0,1,0,0,0,540.0,32142.0,1,1,0,0,0,1,0,0,0,1,0,1
2,86.0,1,1,0,0,312.0,36279.0,1,0,0,0,0,1,0,0,0,1,0,1
3,122.0,1,1,0,0,406.0,33278.0,1,0,0,0,0,1,0,0,0,1,0,1
3,132.0,1,0,0,0,315.0,23863.0,1,1,0,0,0,1,0,0,0,1,0,1
2,89.0,1,1,0,0,325.0,36516.0,1,0,0,0,1,0,0,0,0,1,0,1
3,134.0,1,0,0,0,616.0,45970.0,1,1,0,0,0,1,0,0,0,1,0,1
3,110.0,1,0,0,1,276.0,25090.0,1,0,0,0,1,0,0,0,0,1,0,1
2,86.0,1,0,0,0,248.0,28837.0,1,1,0,0,0,1,0,0,0,1,0,1
1,45.0,1,1,0,0,85.0,18888.0,1,1,0,0,0,1,0,0,0,1,0,0
1,50.0,1,1,0,0,88.0,17600.0,1,0,0,0,0,1,0,0,0,1,0,0
2,88.0,1,0,0,0,260.0,29545.0,1,1,0,0,1,0,0,0,0,1,0,1
3,89.0,0,1,0,0,259.0,29101.0,1,0,0,0,0,1,0,0,0,1,0,1
2,80.0,0,1,1,0,390.0,48750.0,1,0,0,0,0,0,1,0,0,1,0,1
3,139.0,1,1,0,0,518.0,37266.0,1,1,0,0,1,0,0,0,0,1,0,1
3,89.0,1,1,0,1,245.0,27528.0,1,1,0,0,0,0,1,0,0,1,0,1
3,117.0,1,0,0,1,552.0,47179.0,1,1,0,0,1,0,0,0,0,1,0,1
2,97.0,1,1,0,0,440.0,45360.0,1,0,0,0,1,0,0,0,0,1,0,1
4,126.0,1,1,0,0,568.0,45079.0,1,1,0,0,1,0,0,0,0,1,0,1
3,89.0,1,0,0,1,362.0,40674.0,1,1,0,0,1,0,0,0,0,1,0,1
3,85.0,1,1,1,0,230.0,27058.0,1,1,0,0,0,1,0,0,0,0,1,1
2,60.0,1,1,1,0,177.0,29353.0,1,1,0,0,0,0,1,0,0,0,1,1
3,125.0,1,1,1,1,400.0,32000.0,0,0,1,0,1,0,0,0,0,0,1,1
3,135.0,1,1,1,1,470.0,34711.0,1,1,0,0,0,1,0,0,0,0,1,1
2,80.0,1,1,1,1,390.0,48750.0,1,1,0,0,0,0,1,0,0,0,1,1
2,83.0,1,1,1,0,255.0,30722.0,1,0,0,0,0,1,0,0,0,0,1,1
4,138.0,1,1,1,1,390.0,28260.0,1,1,0,0,0,1,0,0,0,0,1,1
1,51.0,1,1,1,1,85.0,16666.0,1,0,1,0,0,1,0,0,0,0,1,1
2,89.0,1,1,1,0,430.0,48314.0,1,1,0,0,0,1,0,0,0,0,1,1
3,105.0,1,0,1,1,310.0,29523.0,1,0,0,0,0,1,0,0,0,0,1,1
2,54.0,1,1,1,1,205.0,37892.0,1,1,0,0,0,0,1,0,0,0,1,1
1,45.0,1,0,1,1,72.0,16000.0,1,0,0,0,0,1,0,0,0,0,1,0
5,266.0,1,1,1,1,1080.0,40601.0,1,1,0,0,1,0,0,0,0,0,1,1
4,162.0,0,1,1,1,400.0,24691.0,1,1,0,0,1,0,0,0,0,0,1,1
2,42.0,1,1,1,1,153.0,36428.0,1,1,0,0,0,1,0,0,0,0,1,0
3,89.0,1,0,1,1,260.0,29213.0,1,1,0,0,1,0,0,0,0,0,1,1
2,88.0,1,0,1,1,358.0,40681.0,1,0,0,0,0,1,0,0,0,0,1,1
2,61.0,1,0,1,1,309.0,49911.0,1,1,0,0,0,1,0,0,0,0,1,1
4,136.0,1,1,1,1,670.0,49084.0,1,1,0,0,1,0,0,0,0,0,1,1
3,117.0,1,0,1,1,310.0,26495.0,1,1,0,0,0,1,0,0,0,0,1,1
3,126.0,1,1,1,1,575.0,45634.0,1,1,0,0,1,0,0,0,0,0,1,1
5,243.0,1,1,1,1,835.0,34362.0,1,1,0,0,1,0,0,0,0,0,1,1
2,88.0,1,0,1,1,358.0,40681.0,1,0,0,0,0,1,0,0,0,0,1,1
2,45.0,1,0,1,1,170.0,37777.0,1,0,0,0,0,1,0,0,0,0,1,0
3,81.0,1,1,1,1,288.0,35555.0,1,1,0,0,0,1,0,0,0,0,1,1
2,82.0,1,1,1,1,270.0,32926.0,1,1,0,0,0,1,0,0,0,0,1,1
2,43.0,1,1,1,1,130.0,30232.0,1,1,0,0,0,0,1,0,0,0,1,0
3,153.0,1,0,1,1,675.0,43873.0,1,0,0,0,0,0,1,0,0,0,1,1
3,85.0,1,1,1,0,230.0,27058.0,1,1,0,0,0,1,0,0,0,0,1,1
3,141.0,0,0,0,1,205.0,14539.0,1,1,0,0,0,1,0,0,0,0,1,1
3,138.0,0,1,1,1,560.0,40579.0,1,0,0,0,0,0,1,0,0,0,1,1
2,51.0,1,1,1,0,185.0,36274.0,1,0,0,0,1,0,0,0,0,0,1,1
2,81.0,1,1,1,1,276.0,34074.0,1,1,0,0,0,1,0,0,0,0,1,1
3,112.0,0,0,1,0,190.0,16888.0,1,1,0,0,1,0,0,0,0,0,1,1
3,126.0,1,0,1,0,240.0,18987.0,1,0,0,0,1,0,0,0,0,0,1,1
1,38.0,1,1,0,1,95.0,25000.0,1,1,0,0,0,1,0,0,0,0,1,0
1,38.0,1,0,0,1,78.0,20526.0,1,1,0,0,0,0,1,0,0,0,1,0
3,117.0,1,0,1,1,326.0,27839.0,0,1,0,0,1,0,0,0,0,0,1,1
3,115.0,1,1,1,0,330.0,28695.0,1,1,0,0,0,1,0,0,0,0,1,1
4,203.0,1,1,1,1,636.0,31330.0,1,1,0,0,0,1,0,0,0,0,1,1
5,203.0,1,1,1,1,651.0,32068.0,1,1,0,0,0,1,0,0,0,0,1,1
1,45.0,1,0,0,0,80.0,17777.0,1,0,0,0,0,1,0,0,0,0,1,0
1,37.0,1,1,0,1,91.0,24594.0,1,0,0,0,1,0,0,0,0,0,1,0
2,83.0,1,1,0,1,300.0,36144.0,1,1,0,0,0,1,0,0,0,0,1,1
2,81.0,1,1,0,1,300.0,36864.0,1,0,0,0,0,0,1,0,0,0,1,1
1,38.0,1,0,0,1,75.0,19736.0,1,1,0,0,0,0,1,0,0,0,1,0
1,52.0,1,1,1,1,200.0,38461.0,1,0,0,0,0,1,0,0,0,0,1,1
2,42.0,1,1,1,1,153.0,36428.0,1,1,0,0,0,1,0,0,0,0,1,0
3,144.0,1,1,1,1,460.0,31878.0,1,0,0,0,1,0,0,0,0,0,1,1
1,52.0,1,1,0,0,186.0,35769.0,1,0,0,0,0,0,1,0,0,0,1,1
1,40.0,1,1,1,1,76.0,19000.0,0,1,0,0,0,1,0,0,0,0,1,0
3,104.0,1,1,1,1,310.0,29807.0,1,1,0,0,0,1,0,0,0,0,1,1
1,45.0,1,1,0,1,92.0,20444.0,1,1,0,0,1,0,0,0,0,0,1,0
1,50.0,1,1,1,0,210.0,42000.0,1,0,0,0,0,1,0,0,0,0,1,0
4,150.0,1,1,0,0,371.0,24733.0,1,1,0,0,0,1,0,0,0,0,1,1
2,43.0,1,1,1,1,156.0,36279.0,1,0,0,0,0,1,0,0,0,0,1,0
3,168.0,1,1,0,1,703.0,41688.0,1,1,0,0,0,1,0,0,0,0,1,1
3,177.0,1,0,1,1,678.0,38305.0,1,1,0,0,0,1,0,0,0,0,1,1
5,260.0,0,1,1,1,910.0,35000.0,1,1,0,0,1,0,0,0,0,0,1,1
4,260.0,1,1,1,1,900.0,34615.0,1,1,0,0,1,0,0,0,0,0,1,1
3,133.0,1,1,0,1,615.0,46060.0,1,1,0,0,0,1,0,0,0,0,1,1
3,135.0,1,1,0,1,499.0,37022.0,1,0,1,0,0,1,0,0,0,0,1,1
3,125.0,1,1,0,1,502.0,40043.0,1,1,0,0,1,0,0,0,0,0,1,1
1,52.0,1,1,1,1,85.0,16346.0,1,0,1,0,1,0,0,0,0,0,1,1
4,79.0,1,0,0,0,395.0,49936.0,1,1,0,0,1,0,0,0,0,0,1,1
1,40.0,1,0,0,1,68.0,17000.0,1,0,0,1,1,0,0,0,0,0,1,0
1,40.0,1,0,1,1,72.0,18000.0,1,0,0,1,1,0,0,0,0,0,1,0
4,184.0,1,1,1,1,800.0,43407.0,1,1,0,0,1,0,0,0,0,0,1,1
1,74.0,1,1,1,1,188.0,25405.0,0,1,0,0,0,1,0,0,0,0,1,1
1,52.0,1,1,1,1,80.0,15384.0,1,0,0,1,0,1,0,0,0,0,1,1
3,124.0,1,1,1,1,500.0,40322.0,1,1,0,0,0,0,1,0,0,0,1,1
1,77.0,1,0,1,1,151.0,19610.0,1,0,0,1,0,0,1,0,0,0,1,1
2,40.0,1,1,1,0,168.0,42000.0,1,0,0,0,0,1,0,0,0,0,1,0
1,75.0,1,0,1,1,138.0,18400.0,1,0,0,1,0,0,1,0,0,0,1,1
2,65.0,1,0,0,1,112.0,17230.0,1,1,0,0,0,0,1,0,0,0,1,1
2,89.0,1,1,1,1,340.0,38202.0,1,0,0,0,0,1,0,0,0,0,1,1
1,45.0,1,0,0,0,80.0,17777.0,1,0,0,0,0,1,0,0,0,0,1,0
3,124.0,1,1,1,1,500.0,40322.0,1,1,0,0,0,0,1,0,0,0,1,1
3,147.0,1,1,1,1,588.0,39810.0,1,1,0,0,0,0,1,0,0,0,1,1
3,136.0,1,0,1,1,583.0,42648.0,1,1,0,0,0,1,0,0,0,0,1,1
2,62.0,1,0,1,1,320.0,51446.0,1,1,0,0,0,0,1,0,0,0,1,1
3,132.0,1,0,1,1,350.0,26515.0,1,1,0,0,1,0,0,0,0,0,1,1
2,101.0,1,1,1,1,425.0,41871.0,1,0,0,0,0,1,0,0,0,0,1,1
3,132.0,1,0,1,1,338.0,25470.0,1,1,0,0,0,1,0,0,0,0,1,1
4,189.0,1,1,1,0,650.0,34391.0,0,0,0,1,0,1,0,0,0,0,1,1
4,158.0,1,0,1,1,397.0,25126.0,1,0,0,0,1,0,0,0,0,0,1,1
1,54.0,1,1,1,1,110.0,20370.0,0,0,0,1,0,0,1,0,0,0,1,1
1,54.0,1,1,1,1,115.0,21296.0,1,1,0,0,0,1,0,0,0,0,1,1
5,219.0,1,1,1,1,910.0,41552.0,1,1,0,0,1,0,0,0,0,0,1,1
3,125.0,1,1,1,1,400.0,32000.0,0,0,1,0,1,0,0,0,0,0,1,1
1,51.0,1,1,1,1,193.0,37403.0,1,1,0,0,0,1,0,0,0,0,1,1
2,75.0,1,0,1,1,138.0,18400.0,1,0,0,1,0,1,0,0,0,0,1,1
3,87.0,1,1,1,1,335.0,38505.0,1,0,1,0,1,0,0,0,0,0,1,1
3,88.0,1,1,1,1,328.0,37272.0,1,1,0,0,1,0,0,0,0,0,1,1
2,93.0,1,1,1,1,368.0,39569.0,1,1,0,0,0,1,0,0,0,0,1,1
1,52.0,1,1,1,1,85.0,16346.0,1,0,1,0,1,0,0,0,0,0,1,1
2,51.0,1,0,0,1,200.0,39215.0,1,0,0,0,0,0,0,0,0,0,1,1
1,38.0,1,0,1,1,70.0,18421.0,1,0,0,0,1,0,0,0,0,0,1,0
1,38.0,1,0,0,1,75.0,19736.0,1,1,0,0,0,1,0,0,0,0,1,0
2,100.0,1,1,1,1,379.0,37900.0,1,0,0,0,0,1,0,0,0,0,1,1
1,52.0,1,1,1,1,93.0,17884.0,0,1,0,0,0,0,1,0,0,0,1,1
3,147.0,1,1,1,1,465.0,31632.0,1,1,0,0,1,0,0,0,0,0,1,1
1,37.0,1,1,0,1,91.0,24594.0,1,0,0,0,1,0,0,0,0,0,1,0
3,84.0,1,1,1,0,275.0,32738.0,1,1,0,0,1,0,0,0,0,0,1,1
3,139.0,1,1,1,0,680.0,48780.0,1,1,0,0,1,0,0,0,0,0,1,1
1,37.0,1,1,0,1,91.0,24594.0,1,0,0,0,1,0,0,0,0,0,1,0
2,88.0,1,0,1,1,358.0,40681.0,1,0,0,0,0,1,0,0,0,0,1,1
3,125.0,1,1,1,1,420.0,33600.0,1,1,0,0,0,1,0,0,0,0,1,1
3,138.0,1,1,1,1,360.0,26086.0,1,1,0,0,0,1,0,0,0,0,1,1
4,165.0,1,1,1,1,500.0,30303.0,1,1,0,0,1,0,0,0,0,0,1,1
1,63.0,1,1,1,0,105.0,16666.0,1,1,0,0,1,0,0,0,0,0,1,1
4,151.0,1,1,1,0,430.0,28476.0,1,1,0,0,1,0,0,0,0,0,1,1
3,150.0,0,1,1,1,435.0,28884.0,1,1,0,0,0,1,0,0,0,0,1,1
3,132.0,1,0,1,1,378.0,28636.0,1,1,0,0,1,0,0,0,0,0,1,1
2,72.0,1,1,1,1,208.0,28888.0,1,1,0,0,0,1,0,0,0,0,1,1
3,81.0,1,1,1,1,302.0,37283.0,1,1,0,0,0,0,1,0,0,0,1,1
3,89.0,1,1,1,1,280.0,31460.0,1,1,0,0,0,1,0,0,0,0,1,1
1,50.0,1,1,0,0,210.0,42000.0,1,1,0,0,0,1,0,0,0,0,1,0
3,135.0,1,0,1,1,620.0,45857.0,0,1,0,0,0,1,0,0,0,0,1,1
4,151.0,1,1,1,1,400.0,26490.0,1,1,0,0,0,1,0,0,0,0,1,1
2,81.0,1,1,0,1,300.0,36864.0,1,0,0,0,0,0,1,0,0,0,1,1
2,81.0,1,1,0,1,300.0,36864.0,1,0,0,0,0,0,1,0,0,0,1,1
2,84.0,1,1,1,0,280.0,33333.0,1,1,0,0,0,0,1,0,0,0,1,1
2,80.0,1,1,1,0,245.0,30625.0,1,1,0,0,0,1,0,0,0,0,1,1
4,139.0,1,1,1,1,520.0,37410.0,1,1,0,0,0,0,0,0,0,0,1,1
3,49.0,1,1,1,1,150.0,30612.0,1,0,0,0,0,1,0,0,0,0,1,0
2,88.0,1,1,1,1,360.0,40909.0,1,0,0,0,0,1,0,0,0,0,1,1
4,185.0,1,0,0,1,680.0,36756.0,1,1,0,0,0,1,0,0,0,0,1,1
4,189.0,0,0,0,1,750.0,39682.0,1,1,0,0,1,0,0,0,0,0,1,1
1,50.0,1,1,0,1,98.0,19600.0,1,0,0,0,0,1,0,0,0,0,1,0
2,39.0,1,1,0,1,86.0,22051.0,1,0,0,0,1,0,0,0,0,0,1,0
1,52.0,1,1,0,1,98.0,18846.0,1,0,0,0,0,0,1,0,0,0,1,1
3,133.0,1,1,0,1,390.0,29323.0,1,1,0,0,1,0,0,0,0,0,1,1
3,125.0,1,1,0,1,370.0,29600.0,1,1,0,0,0,0,1,0,0,0,1,1
2,60.0,1,0,0,1,210.0,35000.0,1,0,0,0,1,0,0,0,0,0,1,1
6,273.0,1,1,0,1,1100.0,40293.0,1,1,0,0,1,0,0,0,0,0,1,1
3,83.0,1,1,0,1,255.0,30722.0,1,0,0,0,0,1,0,0,0,0,1,1
3,135.0,0,1,0,0,415.0,30740.0,1,0,0,0,0,1,0,0,0,0,1,1
2,45.0,1,0,0,0,80.0,17777.0,1,1,0,0,0,1,0,0,0,0,1,0
4,157.0,1,0,1,1,485.0,30891.0,1,0,0,0,0,1,0,0,0,0,1,1
3,140.0,1,0,0,0,496.0,35428.0,1,1,0,0,1,0,0,0,0,0,1,1
3,80.0,1,0,1,0,350.0,43750.0,1,1,0,0,0,1,0,0,0,0,1,1
3,122.0,1,1,1,1,470.0,38524.0,1,0,0,0,0,0,1,0,0,0,1,1
1,54.0,1,1,0,1,108.0,20000.0,0,0,0,1,0,0,1,0,0,0,1,1
4,155.0,1,0,0,0,565.0,36451.0,1,0,0,0,0,0,1,0,0,0,1,1
3,155.0,1,0,0,1,215.0,13870.0,1,1,0,0,0,1,0,0,0,0,1,1
4,144.0,1,1,0,1,630.0,43750.0,1,1,0,0,1,0,0,0,0,0,1,1
3,154.0,1,0,0,0,768.0,49870.0,1,0,0,0,1,0,0,0,0,0,1,1
4,155.0,1,0,0,1,215.0,13870.0,1,1,0,0,0,1,0,0,0,0,1,1
1,51.0,1,1,0,0,95.0,18627.0,1,0,1,0,1,0,0,0,0,0,1,1
4,327.0,1,1,0,0,1680.0,51376.0,1,1,0,0,1,0,0,0,0,0,1,1
4,150.0,1,1,0,0,500.0,33333.0,1,1,0,0,0,0,1,0,0,0,1,1
2,120.0,1,1,0,0,565.0,47083.0,1,0,0,0,0,1,0,0,0,0,1,1
1,50.0,1,0,0,0,210.0,42000.0,1,0,0,0,1,0,0,0,0,0,1,0
3,171.0,0,0,1,0,760.0,44444.0,1,1,0,0,1,0,0,0,0,0,1,1
3,171.0,0,0,1,0,760.0,44444.0,1,1,0,0,1,0,0,0,0,0,1,1
1,50.0,1,0,0,0,210.0,42000.0,1,0,0,0,1,0,0,0,0,0,1,0
5,200.0,1,0,0,0,350.0,17500.0,1,0,0,0,0,1,0,0,0,0,1,1
1,38.0,1,0,0,0,140.0,36842.0,1,0,0,0,1,0,0,0,0,0,1,0
3,103.0,1,1,0,0,340.0,33009.0,1,1,0,0,1,0,0,0,0,0,1,1
1,50.0,1,1,0,1,120.0,24000.0,1,1,0,0,0,1,0,0,0,0,1,0
1,53.0,1,1,0,0,90.0,16981.0,0,0,0,1,0,1,0,0,0,0,1,1
3,124.0,0,0,0,1,595.0,47983.0,1,1,0,0,0,0,1,0,0,0,1,1
6,324.0,1,1,1,1,1550.0,47839.0,1,1,0,0,1,0,0,0,0,0,1,1
4,146.0,1,1,0,0,520.0,35616.0,1,0,0,0,0,1,0,0,0,0,1,1
3,105.0,1,1,0,1,395.0,37619.0,0,0,0,1,0,1,0,0,0,0,1,1
2,60.0,1,1,0,1,180.0,30000.0,1,1,0,0,0,1,0,0,0,0,1,1
3,75.0,1,1,0,1,230.0,30666.0,1,0,0,0,1,0,0,0,0,0,1,1
5,217.0,1,0,0,1,1276.0,58801.0,1,1,0,0,1,0,0,0,0,0,1,1
2,45.0,1,0,0,0,250.0,55555.0,1,0,0,0,0,0,1,0,0,0,1,0
2,43.0,1,1,1,0,165.0,38372.0,1,0,0,0,1,0,0,0,0,0,1,0
2,65.0,1,1,1,0,200.0,30769.0,1,1,0,0,1,0,0,0,0,0,1,1
4,169.0,1,1,1,1,670.0,39644.0,1,1,0,0,0,1,0,0,0,0,1,1
5,270.0,0,0,0,1,1020.0,37777.0,1,1,0,0,1,0,0,0,0,0,1,1
10,503.0,0,0,0,1,1600.0,31809.0,1,1,0,0,1,0,0,0,0,0,1,1
3,112.0,1,0,1,0,540.0,48214.0,1,0,0,0,0,1,0,0,0,0,1,1
3,156.0,1,0,0,1,860.0,55128.0,1,1,0,0,0,1,0,0,0,0,1,1
3,143.0,1,1,1,1,675.0,47202.0,1,0,1,0,0,1,0,0,0,0,1,1
3,155.0,1,1,0,0,580.0,37419.0,1,1,0,0,0,0,1,0,0,0,1,1
2,77.0,1,1,1,1,130.0,16883.0,1,1,0,0,0,0,1,0,0,0,1,1
4,152.0,0,1,0,0,460.0,30263.0,1,1,0,0,1,0,0,0,0,0,1,1
3,125.0,1,1,0,1,458.0,36640.0,0,0,0,1,1,0,0,0,0,0,1,1
3,125.0,1,1,0,0,458.0,36640.0,0,0,0,1,1,0,0,0,0,0,1,1
3,150.0,1,1,0,0,600.0,40000.0,1,1,0,0,0,1,0,0,0,0,1,1
1,40.0,1,0,0,0,80.0,20000.0,1,1,0,0,0,1,0,0,0,0,1,0
4,152.0,1,1,0,0,620.0,40789.0,1,1,0,0,0,0,0,0,0,0,1,1
3,138.0,1,1,0,0,490.0,35507.0,1,1,0,0,0,0,1,0,0,0,1,1
4,236.0,1,1,0,0,625.0,26483.0,1,1,0,0,0,0,0,0,0,0,1,1
3,142.0,1,1,0,0,530.0,37323.0,1,1,0,0,0,0,0,0,0,0,1,1
5,187.0,1,0,0,0,918.0,49090.0,1,1,0,0,0,0,0,0,0,0,1,1
4,160.0,1,1,0,0,600.0,37500.0,1,0,0,0,0,1,0,0,0,0,1,1
3,158.0,1,1,0,0,600.0,37974.0,0,0,1,0,0,1,0,0,0,0,1,1
10,251.0,1,1,0,0,1100.0,43824.0,1,1,0,0,1,0,0,0,0,0,1,1
3,156.0,1,1,0,0,540.0,34615.0,1,1,0,0,0,1,0,0,0,0,1,1
3,106.0,1,1,0,0,467.0,44056.0,1,0,0,0,0,1,0,0,0,0,1,1
3,124.0,1,1,0,0,448.0,36129.0,1,1,0,0,0,1,0,0,0,0,1,1
3,129.0,1,1,0,0,550.0,42635.0,1,0,0,0,0,0,1,0,0,0,1,1
3,136.0,1,1,0,0,518.0,38088.0,1,1,0,0,0,1,0,0,0,0,1,1
1,80.0,1,1,0,0,240.0,30000.0,1,1,0,0,0,1,0,0,0,0,1,1
3,104.0,1,1,1,0,340.0,32692.0,1,1,0,0,1,0,0,0,0,0,1,1
4,195.0,0,1,0,0,530.0,27179.0,1,1,0,0,1,0,0,0,0,0,1,1
2,93.0,1,0,0,0,352.0,37849.0,1,1,0,0,0,1,0,0,0,0,1,1
3,115.0,1,1,0,0,450.0,39130.0,1,1,0,0,0,0,1,0,0,0,1,1
3,97.0,1,1,0,0,450.0,46391.0,1,1,0,0,0,0,1,0,0,0,1,1
2,94.0,1,0,0,0,348.0,37021.0,1,0,0,0,0,1,0,0,0,0,1,1
3,201.0,0,0,0,0,677.0,33681.0,1,1,0,0,0,0,1,0,0,0,1,1
1,50.0,1,0,1,1,80.0,16000.0,1,1,0,0,0,1,0,0,0,0,1,0
4,174.0,1,1,0,0,700.0,40229.0,1,1,0,0,0,0,1,0,0,0,1,1
3,136.0,1,0,0,1,502.0,36911.0,1,1,0,0,0,0,1,0,0,0,1,1
3,127.0,1,1,1,1,445.0,35039.0,1,1,0,0,1,0,0,0,0,0,1,1
4,160.0,1,1,1,1,535.0,33437.0,1,0,0,0,0,1,0,0,0,0,1,1
5,231.0,1,1,0,0,700.0,30303.0,1,1,0,0,0,0,0,0,0,0,1,1
4,158.0,1,0,1,1,550.0,34810.0,1,0,0,0,0,0,1,0,0,0,1,1
3,125.0,1,1,0,0,470.0,37600.0,1,0,0,0,1,0,0,0,0,0,1,1
4,161.0,1,1,0,0,480.0,29813.0,1,1,0,0,0,1,0,0,0,0,1,1
5,176.0,1,1,0,0,550.0,31250.0,1,1,0,0,0,1,0,0,0,0,1,1
3,129.0,1,1,0,0,490.0,37984.0,1,0,0,0,0,1,0,0,0,0,1,1
3,155.0,1,1,0,0,540.0,34838.0,0,0,1,0,1,0,0,0,0,0,1,1
3,143.0,1,1,0,0,480.0,33566.0,1,1,0,0,0,1,0,0,0,0,1,1
3,123.0,1,1,0,0,415.0,33739.0,1,1,0,0,0,1,0,0,0,0,1,1
2,89.0,1,1,0,0,285.0,32022.0,1,1,0,0,0,1,0,0,0,0,1,1
3,134.0,1,1,0,1,550.0,41044.0,1,1,0,0,0,1,0,0,0,0,1,1
5,325.0,1,1,0,1,1000.0,30769.0,1,1,0,0,1,0,0,0,0,0,1,1
3,133.0,1,1,0,0,520.0,39097.0,1,1,0,0,0,0,0,0,0,0,1,1
4,138.0,1,1,0,0,448.0,32500.0,1,1,0,0,0,1,0,0,0,0,1,1
2,101.0,1,0,0,1,375.0,37178.0,1,1,0,0,0,0,1,0,0,0,1,1
2,80.0,1,1,0,0,190.0,23750.0,1,0,0,0,0,1,0,0,0,0,1,1
